id_uniq,number,pokemon_name,can_evolve,evolves_from,stg_01_evolve,stg_02_evolve,final_evolution,mega_evolution,gigantamax
pk_0001,1,Bulbasaur,TRUE,,pk_0002,pk_0003,FALSE,FALSE,FALSE
pk_0002,2,Ivysaur,TRUE,pk_0001,pk_0003,,FALSE,FALSE,FALSE
pk_0003,3,Venusaur,FALSE,pk_0002,,,TRUE,FALSE,FALSE
pk_0004,3,Mega Venusaur,FALSE,pk_0002,,,TRUE,TRUE,FALSE
pk_0005,3,Gigantamax Venusaur,FALSE,pk_0002,,,FALSE,FALSE,TRUE
pk_0006,4,Charmander,TRUE,,pk_0007,pk_0008,FALSE,FALSE,FALSE
pk_0007,5,Charmeleon,TRUE,pk_0006,pk_0008,,FALSE,FALSE,FALSE
pk_0008,6,Charizard,FALSE,pk_0007,,,TRUE,FALSE,FALSE
pk_0009,6,Mega Charizard X,FALSE,pk_0007,,,TRUE,TRUE,FALSE
pk_0010,6,Mega Charizard Y,FALSE,pk_0007,,,TRUE,TRUE,FALSE
pk_0011,6,Gigantamax Charizard,FALSE,pk_0007,,,FALSE,FALSE,TRUE
pk_0012,7,Squirtle,TRUE,,pk_0013,pk_0014,FALSE,FALSE,FALSE
pk_0013,8,Wartortle,TRUE,pk_0012,pk_0014,,FALSE,FALSE,FALSE
pk_0014,9,Blastoise,FALSE,pk_0013,,,TRUE,FALSE,FALSE
pk_0015,9,Mega Blastoise,FALSE,pk_0013,,,TRUE,TRUE,FALSE
pk_0016,9,Gigantamax Blastoise,FALSE,pk_0013,,,FALSE,FALSE,TRUE
pk_0017,10,Caterpie,TRUE,,pk_0018,pk_0019,FALSE,FALSE,FALSE
pk_0018,11,Metapod,TRUE,pk_0017,pk_0019,,FALSE,FALSE,FALSE
pk_0019,12,Butterfree,FALSE,pk_0018,,,TRUE,FALSE,FALSE
pk_0020,12,Gigantamax Butterfree,FALSE,pk_0018,,,FALSE,FALSE,TRUE
pk_0021,13,Weedle,TRUE,,pk_0022,pk_0023,FALSE,FALSE,FALSE
pk_0022,14,Kakuna,TRUE,pk_0021,pk_0023,,FALSE,FALSE,FALSE
pk_0023,15,Beedrill,FALSE,pk_0022,,,TRUE,FALSE,FALSE
pk_0024,15,Mega Beedrill,FALSE,pk_0022,,,TRUE,TRUE,FALSE
pk_0025,16,Pidgey,TRUE,,pk_0026,pk_0027,FALSE,FALSE,FALSE
pk_0026,17,Pidgeotto,TRUE,pk_0025,pk_0027,,FALSE,FALSE,FALSE
pk_0027,18,Pidgeot,FALSE,pk_0026,,,TRUE,FALSE,FALSE
pk_0028,18,Mega Pidgeot,FALSE,pk_0026,,,TRUE,TRUE,FALSE
pk_0029,19,Rattata,TRUE,,pk_0031,,FALSE,FALSE,FALSE
pk_0030,19,Alolan Rattata,TRUE,,,,FALSE,FALSE,FALSE
pk_0031,20,Raticate,FALSE,pk_0029,,,TRUE,FALSE,FALSE
pk_0032,20,Alolan Raticate,FALSE,pk_0029,,,TRUE,FALSE,FALSE
pk_0033,21,Spearow,TRUE,,pk_0034,,FALSE,FALSE,FALSE
pk_0034,22,Fearow,FALSE,pk_0033,,,TRUE,FALSE,FALSE
pk_0035,23,Ekans,TRUE,,pk_0036,,FALSE,FALSE,FALSE
pk_0036,24,Arbok,FALSE,pk_0035,,,TRUE,FALSE,FALSE
pk_0037,25,Pikachu,TRUE,pk_0228,pk_0039,,FALSE,FALSE,FALSE
pk_0038,25,Gigantamax Pikachu,TRUE,pk_0228,,,FALSE,FALSE,TRUE
pk_0039,26,Raichu,FALSE,pk_0037,,,TRUE,FALSE,FALSE
pk_0040,26,Alolan Raichu,FALSE,pk_0037,,,TRUE,FALSE,FALSE
pk_0041,27,Sandshrew,TRUE,,pk_0043,,FALSE,FALSE,FALSE
pk_0042,27,Alolan Sandshrew,TRUE,,,,FALSE,FALSE,FALSE
pk_0043,28,Sandslash,FALSE,pk_0041,,,TRUE,FALSE,FALSE
pk_0044,28,Alolan Sandslash,FALSE,pk_0041,,,TRUE,FALSE,FALSE
pk_0045,29,Nidoran F,TRUE,,pk_0046,pk_0047,FALSE,FALSE,FALSE
pk_0046,30,Nidorina,TRUE,pk_0045,pk_0047,,FALSE,FALSE,FALSE
pk_0047,31,Nidoqueen,FALSE,pk_0046,,,TRUE,FALSE,FALSE
pk_0048,32,Nidoran M,TRUE,,pk_0049,pk_0050,FALSE,FALSE,FALSE
pk_0049,33,Nidorino,TRUE,pk_0048,pk_0050,,FALSE,FALSE,FALSE
pk_0050,34,Nidoking,FALSE,pk_0049,,,TRUE,FALSE,FALSE
pk_0051,35,Clefairy,TRUE,pk_0229,pk_0052,,FALSE,FALSE,FALSE
pk_0052,36,Clefable,FALSE,pk_0051,,,TRUE,FALSE,FALSE
pk_0053,37,Vulpix,TRUE,,pk_0055,,FALSE,FALSE,FALSE
pk_0054,37,Alolan Vulpix,TRUE,,,,FALSE,FALSE,FALSE
pk_0055,38,Ninetales,FALSE,pk_0053,,,TRUE,FALSE,FALSE
pk_0056,38,Alolan Ninetales,FALSE,pk_0053,,,TRUE,FALSE,FALSE
pk_0057,39,Jigglypuff,TRUE,pk_0230,pk_0058,,FALSE,FALSE,FALSE
pk_0058,40,Wigglytuff,FALSE,pk_0057,,,TRUE,FALSE,FALSE
pk_0059,41,Zubat,TRUE,,pk_0060,pk_0225,FALSE,FALSE,FALSE
pk_0060,42,Golbat,TRUE,pk_0059,pk_0225,,FALSE,FALSE,FALSE
pk_0061,43,Oddish,TRUE,,pk_0062,pk_0063,FALSE,FALSE,FALSE
pk_0062,44,Gloom,TRUE,pk_0061,pk_0063,,FALSE,FALSE,FALSE
pk_0063,45,Vileplume,FALSE,pk_0062,,,TRUE,FALSE,FALSE
pk_0064,46,Paras,TRUE,,pk_0065,,FALSE,FALSE,FALSE
pk_0065,47,Parasect,FALSE,pk_0064,,,TRUE,FALSE,FALSE
pk_0066,48,Venonat,TRUE,,pk_0067,,FALSE,FALSE,FALSE
pk_0067,49,Venomoth,FALSE,pk_0066,,,TRUE,FALSE,FALSE
pk_0068,50,Diglett,TRUE,,pk_0070,,FALSE,FALSE,FALSE
pk_0069,50,Alolan Diglett,TRUE,,,,FALSE,FALSE,FALSE
pk_0070,51,Dugtrio,FALSE,pk_0068,,,TRUE,FALSE,FALSE
pk_0071,51,Alolan Dugtrio,FALSE,pk_0068,,,TRUE,FALSE,FALSE
pk_0072,52,Meowth,TRUE,,pk_0076,,FALSE,FALSE,FALSE
pk_0073,52,Gigantamax Meowth,TRUE,,,,FALSE,FALSE,TRUE
pk_0074,52,Alolan Meowth,TRUE,,,,FALSE,FALSE,FALSE
pk_0075,52,Galarian Meowth,TRUE,,,,FALSE,FALSE,FALSE
pk_0076,53,Persian,FALSE,pk_0072,,,TRUE,FALSE,FALSE
pk_0077,53,Alolan Persian,FALSE,pk_0072,,,TRUE,FALSE,FALSE
pk_0078,54,Psyduck,TRUE,,pk_0079,,FALSE,FALSE,FALSE
pk_0079,55,Golduck,FALSE,pk_0078,,,TRUE,FALSE,FALSE
pk_0080,56,Mankey,TRUE,,pk_0081,,FALSE,FALSE,FALSE
pk_0081,57,Primeape,FALSE,pk_0080,,,TRUE,FALSE,FALSE
pk_0082,58,Growlithe,TRUE,,pk_0083,,FALSE,FALSE,FALSE
pk_0083,59,Arcanine,FALSE,pk_0082,,,TRUE,FALSE,FALSE
pk_0084,60,Poliwag,TRUE,,pk_0085,pk_0086,FALSE,FALSE,FALSE
pk_0085,61,Poliwhirl,TRUE,pk_0084,pk_0086,,FALSE,FALSE,FALSE
pk_0086,62,Poliwrath,FALSE,pk_0085,,,TRUE,FALSE,FALSE
pk_0087,63,Abra,TRUE,,pk_0088,pk_0089,FALSE,FALSE,FALSE
pk_0088,64,Kadabra,TRUE,pk_0087,pk_0089,,FALSE,FALSE,FALSE
pk_0089,65,Alakazam,FALSE,pk_0088,,,TRUE,FALSE,FALSE
pk_0090,65,Mega Alakazam,FALSE,pk_0088,,,TRUE,TRUE,FALSE
pk_0091,66,Machop,TRUE,,pk_0092,pk_0093,FALSE,FALSE,FALSE
pk_0092,67,Machoke,TRUE,pk_0091,pk_0093,,FALSE,FALSE,FALSE
pk_0093,68,Machamp,FALSE,pk_0092,,,TRUE,FALSE,FALSE
pk_0094,68,Gigantamax Machamp,FALSE,pk_0092,,,FALSE,FALSE,TRUE
pk_0095,69,Bellsprout,TRUE,,pk_0096,pk_0097,FALSE,FALSE,FALSE
pk_0096,70,Weepinbell,TRUE,pk_0095,pk_0097,,FALSE,FALSE,FALSE
pk_0097,71,Victreebel,FALSE,pk_0096,,,TRUE,FALSE,FALSE
pk_0098,72,Tentacool,TRUE,,pk_0099,,FALSE,FALSE,FALSE
pk_0099,73,Tentacruel,FALSE,pk_0098,,,TRUE,FALSE,FALSE
pk_0100,74,Geodude,TRUE,,pk_0102,pk_0104,FALSE,FALSE,FALSE
pk_0101,74,Alolan Geodude,TRUE,,,,FALSE,FALSE,FALSE
pk_0102,75,Graveler,TRUE,pk_0100,pk_0104,,FALSE,FALSE,FALSE
pk_0103,75,Alolan Graveler,TRUE,pk_0100,,,FALSE,FALSE,FALSE
pk_0104,76,Golem,FALSE,pk_0102,,,TRUE,FALSE,FALSE
pk_0105,76,Alolan Golem,FALSE,pk_0102,,,TRUE,FALSE,FALSE
pk_0106,77,Ponyta,TRUE,,pk_0108,,FALSE,FALSE,FALSE
pk_0107,77,Galarian Ponyta,TRUE,,,,FALSE,FALSE,FALSE
pk_0108,78,Rapidash,FALSE,pk_0106,,,TRUE,FALSE,FALSE
pk_0109,78,Galarian Rapidash,FALSE,pk_0106,,,TRUE,FALSE,FALSE
pk_0110,79,Slowpoke,TRUE,,pk_0112,,FALSE,FALSE,FALSE
pk_0111,79,Galarian Slowpoke,TRUE,,,,FALSE,FALSE,FALSE
pk_0112,80,Slowbro,FALSE,pk_0110,,,TRUE,FALSE,FALSE
pk_0113,80,Galarian Slowbro,FALSE,pk_0110,,,TRUE,FALSE,FALSE
pk_0114,80,Mega Slowbro,FALSE,pk_0110,,,TRUE,TRUE,FALSE
pk_0115,81,Magnemite,TRUE,,pk_0116,pk_0559,FALSE,FALSE,FALSE
pk_0116,82,Magneton,TRUE,pk_0115,pk_0559,,FALSE,FALSE,FALSE
pk_0117,83,Farfetch'd,FALSE,,pk_1024,,TRUE,FALSE,FALSE
pk_0118,83,Galarian Farfetched,FALSE,,,,FALSE,FALSE,FALSE
pk_0119,84,Doduo,TRUE,,pk_0120,,FALSE,FALSE,FALSE
pk_0120,85,Dodrio,FALSE,pk_0119,,,TRUE,FALSE,FALSE
pk_0121,86,Seel,TRUE,,pk_0122,,FALSE,FALSE,FALSE
pk_0122,87,Dewgong,FALSE,pk_0121,,,TRUE,FALSE,FALSE
pk_0123,88,Grimer,TRUE,,pk_0125,,FALSE,FALSE,FALSE
pk_0124,88,Alolan Grimer,TRUE,,,,FALSE,FALSE,FALSE
pk_0125,89,Muk,FALSE,pk_0123,,,TRUE,FALSE,FALSE
pk_0126,89,Alolan Muk,FALSE,pk_0123,,,TRUE,FALSE,FALSE
pk_0127,90,Shellder,TRUE,,pk_0128,,FALSE,FALSE,FALSE
pk_0128,91,Cloyster,FALSE,pk_0127,,,TRUE,FALSE,FALSE
pk_0129,92,Gastly,TRUE,,pk_0130,pk_0131,FALSE,FALSE,FALSE
pk_0130,93,Haunter,TRUE,pk_0129,pk_0131,,FALSE,FALSE,FALSE
pk_0131,94,Gengar,FALSE,pk_0130,,,TRUE,FALSE,FALSE
pk_0132,94,Mega Gengar,FALSE,pk_0130,,,TRUE,TRUE,FALSE
pk_0133,94,Gigantamax Gengar,FALSE,pk_0130,,,FALSE,FALSE,TRUE
pk_0134,95,Onix,TRUE,,pk_0266,,FALSE,FALSE,FALSE
pk_0135,96,Drowzee,TRUE,,pk_0136,,FALSE,FALSE,FALSE
pk_0136,97,Hypno,FALSE,pk_0135,,,TRUE,FALSE,FALSE
pk_0137,98,Krabby,TRUE,,pk_0138,,FALSE,FALSE,FALSE
pk_0138,99,Kingler,FALSE,pk_0137,,,TRUE,FALSE,FALSE
pk_0139,99,Gigantamax Kingler,FALSE,pk_0137,,,FALSE,FALSE,TRUE
pk_0140,100,Voltorb,TRUE,,pk_0141,,FALSE,FALSE,FALSE
pk_0141,101,Electrode,FALSE,pk_0140,,,TRUE,FALSE,FALSE
pk_0142,102,Exeggcute,TRUE,,pk_0143,,FALSE,FALSE,FALSE
pk_0143,103,Exeggutor,FALSE,pk_0142,,,TRUE,FALSE,FALSE
pk_0144,103,Alolan Exeggutor,FALSE,pk_0142,,,TRUE,FALSE,FALSE
pk_0145,104,Cubone,TRUE,,pk_0146,,FALSE,FALSE,FALSE
pk_0146,105,Marowak,FALSE,pk_0145,,,TRUE,FALSE,FALSE
pk_0147,105,Alolan Marowak,FALSE,pk_0145,,,TRUE,FALSE,FALSE
pk_0148,106,Hitmonlee,FALSE,pk_0299,,,TRUE,FALSE,FALSE
pk_0149,107,Hitmonchan,FALSE,pk_0299,,,TRUE,FALSE,FALSE
pk_0150,108,Lickitung,TRUE,,pk_0560,,FALSE,FALSE,FALSE
pk_0151,109,Koffing,TRUE,,pk_0152,,FALSE,FALSE,FALSE
pk_0152,110,Weezing,FALSE,pk_0151,,,TRUE,FALSE,FALSE
pk_0153,110,Galarian Weezing,FALSE,pk_0151,,,TRUE,FALSE,FALSE
pk_0154,111,Rhyhorn,TRUE,,pk_0155,pk_0561,FALSE,FALSE,FALSE
pk_0155,112,Rhydon,TRUE,pk_0154,pk_0561,,FALSE,FALSE,FALSE
pk_0156,113,Chansey,TRUE,pk_0534,pk_0305,,FALSE,FALSE,FALSE
pk_0157,114,Tangela,TRUE,,pk_0562,,FALSE,FALSE,FALSE
pk_0158,115,Kangaskhan,FALSE,,,,TRUE,FALSE,FALSE
pk_0159,115,Mega Kangaskhan,FALSE,,,,TRUE,TRUE,FALSE
pk_0160,116,Horsea,TRUE,,pk_0161,pk_0293,FALSE,FALSE,FALSE
pk_0161,117,Seadra,TRUE,pk_0160,pk_0293,,FALSE,FALSE,FALSE
pk_0162,118,Goldeen,TRUE,,pk_0163,,FALSE,FALSE,FALSE
pk_0163,119,Seaking,FALSE,pk_0162,,,TRUE,FALSE,FALSE
pk_0164,120,Staryu,TRUE,,pk_0165,,FALSE,FALSE,FALSE
pk_0165,121,Starmie,FALSE,pk_0164,,,TRUE,FALSE,FALSE
pk_0166,122,Mr. Mime,FALSE,pk_0533,pk_1025,,TRUE,FALSE,FALSE
pk_0167,122,Galarian Mr. Mime,FALSE,pk_0533,,,FALSE,FALSE,FALSE
pk_0168,123,Scyther,TRUE,,pk_0271,,FALSE,FALSE,FALSE
pk_0169,124,Jynx,FALSE,pk_0301,,,TRUE,FALSE,FALSE
pk_0170,125,Electabuzz,TRUE,pk_0302,pk_0563,,FALSE,FALSE,FALSE
pk_0171,126,Magmar,TRUE,pk_0303,pk_0564,,FALSE,FALSE,FALSE
pk_0172,127,Pinsir,FALSE,,,,TRUE,FALSE,FALSE
pk_0173,127,Mega Pinsir,FALSE,,,,TRUE,TRUE,FALSE
pk_0174,128,Tauros,FALSE,,,,TRUE,FALSE,FALSE
pk_0175,129,Magikarp,TRUE,,pk_0176,,FALSE,FALSE,FALSE
pk_0176,130,Gyarados,FALSE,pk_0175,,,TRUE,FALSE,FALSE
pk_0177,130,Mega Gyarados,FALSE,pk_0175,,,TRUE,TRUE,FALSE
pk_0178,131,Lapras,FALSE,,,,TRUE,FALSE,FALSE
pk_0179,131,Gigantamax Lapras,FALSE,,,,FALSE,FALSE,TRUE
pk_0180,132,Ditto,FALSE,,,,TRUE,FALSE,FALSE
pk_0181,133,Eevee,TRUE,,pk_0183,,FALSE,FALSE,FALSE
pk_0182,133,Gigantamax Eevee,TRUE,,,,FALSE,FALSE,TRUE
pk_0183,134,Vaporeon,FALSE,pk_0181,,,TRUE,FALSE,FALSE
pk_0184,135,Jolteon,FALSE,pk_0181,,,TRUE,FALSE,FALSE
pk_0185,136,Flareon,FALSE,pk_0181,,,TRUE,FALSE,FALSE
pk_0186,137,Porygon,TRUE,,pk_0296,pk_0571,FALSE,FALSE,FALSE
pk_0187,138,Omanyte,TRUE,,pk_0188,,FALSE,FALSE,FALSE
pk_0188,139,Omastar,FALSE,pk_0187,,,TRUE,FALSE,FALSE
pk_0189,140,Kabuto,TRUE,,pk_0190,,FALSE,FALSE,FALSE
pk_0190,141,Kabutops,FALSE,pk_0189,,,TRUE,FALSE,FALSE
pk_0191,142,Aerodactyl,FALSE,,,,TRUE,FALSE,FALSE
pk_0192,142,Mega Aerodactyl,FALSE,,,,TRUE,TRUE,FALSE
pk_0193,143,Snorlax,FALSE,pk_0541,,,TRUE,FALSE,FALSE
pk_0194,143,Gigantamax Snorlax,FALSE,pk_0541,,,FALSE,FALSE,TRUE
pk_0195,144,Articuno,FALSE,,,,TRUE,FALSE,FALSE
pk_0196,144,Galarian Articuno,FALSE,,,,TRUE,FALSE,FALSE
pk_0197,145,Zapdos,FALSE,,,,TRUE,FALSE,FALSE
pk_0198,145,Galarian Zapdos,FALSE,,,,TRUE,FALSE,FALSE
pk_0199,146,Moltres,FALSE,,,,TRUE,FALSE,FALSE
pk_0200,146,Galarian Moltres,FALSE,,,,TRUE,FALSE,FALSE
pk_0201,147,Dratini,TRUE,,pk_0202,pk_0203,FALSE,FALSE,FALSE
pk_0202,148,Dragonair,TRUE,pk_0201,pk_0203,,FALSE,FALSE,FALSE
pk_0203,149,Dragonite,FALSE,pk_0202,,,TRUE,FALSE,FALSE
pk_0204,150,Mewtwo,FALSE,,,,TRUE,FALSE,FALSE
pk_0205,150,Mega Mewtwo X,FALSE,,,,TRUE,TRUE,FALSE
pk_0206,150,Mega Mewtwo Y,FALSE,,,,TRUE,TRUE,FALSE
pk_0207,151,Mew,FALSE,,,,TRUE,FALSE,FALSE
pk_0208,152,Chikorita,TRUE,,pk_0209,pk_0210,FALSE,FALSE,FALSE
pk_0209,153,Bayleef,TRUE,pk_0208,pk_0210,,FALSE,FALSE,FALSE
pk_0210,154,Meganium,FALSE,pk_0209,,,TRUE,FALSE,FALSE
pk_0211,155,Cyndaquil,TRUE,,pk_0212,pk_0213,FALSE,FALSE,FALSE
pk_0212,156,Quilava,TRUE,pk_0211,pk_0213,,FALSE,FALSE,FALSE
pk_0213,157,Typhlosion,FALSE,pk_0212,,,TRUE,FALSE,FALSE
pk_0214,158,Totodile,TRUE,,pk_0215,pk_0216,FALSE,FALSE,FALSE
pk_0215,159,Croconaw,TRUE,pk_0214,pk_0216,,FALSE,FALSE,FALSE
pk_0216,160,Feraligatr,FALSE,pk_0215,,,TRUE,FALSE,FALSE
pk_0217,161,Sentret,TRUE,,pk_0218,,FALSE,FALSE,FALSE
pk_0218,162,Furret,FALSE,pk_0217,,,TRUE,FALSE,FALSE
pk_0219,163,Hoothoot,TRUE,,pk_0220,,FALSE,FALSE,FALSE
pk_0220,164,Noctowl,FALSE,pk_0219,,,TRUE,FALSE,FALSE
pk_0221,165,Ledyba,TRUE,,pk_0222,,FALSE,FALSE,FALSE
pk_0222,166,Ledian,FALSE,pk_0221,,,TRUE,FALSE,FALSE
pk_0223,167,Spinarak,TRUE,,pk_0224,,FALSE,FALSE,FALSE
pk_0224,168,Ariados,FALSE,pk_0223,,,TRUE,FALSE,FALSE
pk_0225,169,Crobat,FALSE,pk_0060,,,TRUE,FALSE,FALSE
pk_0226,170,Chinchou,TRUE,,pk_0227,,FALSE,FALSE,FALSE
pk_0227,171,Lanturn,FALSE,pk_0226,,,TRUE,FALSE,FALSE
pk_0228,172,Pichu,TRUE,,pk_0037,pk_0039,FALSE,FALSE,FALSE
pk_0229,173,Cleffa,TRUE,,pk_0051,pk_0052,FALSE,FALSE,FALSE
pk_0230,174,Igglybuff,TRUE,,pk_0057,pk_0058,FALSE,FALSE,FALSE
pk_0231,175,Togepi,TRUE,,pk_0232,pk_0565,FALSE,FALSE,FALSE
pk_0232,176,Togetic,TRUE,pk_0231,pk_0565,,FALSE,FALSE,FALSE
pk_0233,177,Natu,TRUE,,pk_0234,,FALSE,FALSE,FALSE
pk_0234,178,Xatu,FALSE,pk_0233,,,TRUE,FALSE,FALSE
pk_0235,179,Mareep,TRUE,,pk_0236,pk_0237,FALSE,FALSE,FALSE
pk_0236,180,Flaaffy,TRUE,pk_0235,pk_0237,,FALSE,FALSE,FALSE
pk_0237,181,Ampharos,FALSE,pk_0236,,,TRUE,FALSE,FALSE
pk_0238,181,Mega Ampharos,FALSE,pk_0236,,,TRUE,TRUE,FALSE
pk_0239,182,Bellossom,FALSE,pk_0062,,,TRUE,FALSE,FALSE
pk_0240,183,Marill,TRUE,pk_0368,pk_0241,,FALSE,FALSE,FALSE
pk_0241,184,Azumarill,FALSE,pk_0240,,,TRUE,FALSE,FALSE
pk_0242,185,Sudowoodo,FALSE,pk_0532,,,TRUE,FALSE,FALSE
pk_0243,186,Politoed,FALSE,pk_0085,,,TRUE,FALSE,FALSE
pk_0244,187,Hoppip,TRUE,,pk_0245,pk_0246,FALSE,FALSE,FALSE
pk_0245,188,Skiploom,TRUE,pk_0244,pk_0246,,FALSE,FALSE,FALSE
pk_0246,189,Jumpluff,FALSE,pk_0245,,,TRUE,FALSE,FALSE
pk_0247,190,Aipom,TRUE,,pk_0517,,FALSE,FALSE,FALSE
pk_0248,191,Sunkern,TRUE,,pk_0249,,FALSE,FALSE,FALSE
pk_0249,192,Sunflora,FALSE,pk_0248,,,TRUE,FALSE,FALSE
pk_0250,193,Yanma,TRUE,,pk_0566,,FALSE,FALSE,FALSE
pk_0251,194,Wooper,TRUE,,pk_0252,,FALSE,FALSE,FALSE
pk_0252,195,Quagsire,FALSE,pk_0251,,,TRUE,FALSE,FALSE
pk_0253,196,Espeon,FALSE,pk_0181,,,TRUE,FALSE,FALSE
pk_0254,197,Umbreon,FALSE,pk_0181,,,TRUE,FALSE,FALSE
pk_0255,198,Murkrow,TRUE,,pk_0524,,FALSE,FALSE,FALSE
pk_0256,199,Slowking,FALSE,pk_0110,,,TRUE,FALSE,FALSE
pk_0257,199,Galarian Slowking,FALSE,pk_0110,,,TRUE,FALSE,FALSE
pk_0258,200,Misdreavus,TRUE,,pk_0523,,FALSE,FALSE,FALSE
pk_0259,201,Unown,FALSE,,,,TRUE,FALSE,FALSE
pk_0260,202,Wobbuffet,FALSE,pk_0440,,,TRUE,FALSE,FALSE
pk_0261,203,Girafarig,FALSE,,,,TRUE,FALSE,FALSE
pk_0262,204,Pineco,TRUE,,pk_0263,,FALSE,FALSE,FALSE
pk_0263,205,Forretress,FALSE,pk_0262,,,TRUE,FALSE,FALSE
pk_0264,206,Dunsparce,FALSE,,,,TRUE,FALSE,FALSE
pk_0265,207,Gligar,TRUE,,pk_0569,,FALSE,FALSE,FALSE
pk_0266,208,Steelix,FALSE,pk_0134,,,TRUE,FALSE,FALSE
pk_0267,208,Mega Steelix,FALSE,pk_0134,,,TRUE,TRUE,FALSE
pk_0268,209,Snubbull,TRUE,,pk_0269,,FALSE,FALSE,FALSE
pk_0269,210,Granbull,FALSE,pk_0268,,,TRUE,FALSE,FALSE
pk_0270,211,Qwilfish,FALSE,,,,TRUE,FALSE,FALSE
pk_0271,212,Scizor,FALSE,pk_0168,,,TRUE,FALSE,FALSE
pk_0272,212,Mega Scizor,FALSE,pk_0168,,,TRUE,TRUE,FALSE
pk_0273,213,Shuckle,FALSE,,,,TRUE,FALSE,FALSE
pk_0274,214,Heracross,FALSE,,,,TRUE,FALSE,FALSE
pk_0275,214,Mega Heracross,FALSE,,,,TRUE,TRUE,FALSE
pk_0276,215,Sneasel,TRUE,,pk_0558,,FALSE,FALSE,FALSE
pk_0277,216,Teddiursa,TRUE,,pk_0278,,FALSE,FALSE,FALSE
pk_0278,217,Ursaring,FALSE,pk_0277,,,TRUE,FALSE,FALSE
pk_0279,218,Slugma,TRUE,,pk_0280,,FALSE,FALSE,FALSE
pk_0280,219,Magcargo,FALSE,pk_0279,,,TRUE,FALSE,FALSE
pk_0281,220,Swinub,TRUE,,pk_0282,pk_0570,FALSE,FALSE,FALSE
pk_0282,221,Piloswine,TRUE,pk_0281,pk_0570,,FALSE,FALSE,FALSE
pk_0283,222,Corsola,TRUE,,pk_1023,,TRUE,FALSE,FALSE
pk_0284,222,Galarian Corsola,TRUE,,,,FALSE,FALSE,FALSE
pk_0285,223,Remoraid,TRUE,,pk_0286,,FALSE,FALSE,FALSE
pk_0286,224,Octillery,FALSE,pk_0285,,,TRUE,FALSE,FALSE
pk_0287,225,Delibird,FALSE,,,,TRUE,FALSE,FALSE
pk_0288,226,Mantine,FALSE,pk_0554,,,TRUE,FALSE,FALSE
pk_0289,227,Skarmory,FALSE,,,,TRUE,FALSE,FALSE
pk_0290,228,Houndour,TRUE,,pk_0291,,FALSE,FALSE,FALSE
pk_0291,229,Houndoom,FALSE,pk_0290,,,TRUE,FALSE,FALSE
pk_0292,229,Mega Houndoom,FALSE,pk_0290,,,TRUE,TRUE,FALSE
pk_0293,230,Kingdra,FALSE,pk_0161,,,TRUE,FALSE,FALSE
pk_0294,231,Phanpy,TRUE,,pk_0295,,FALSE,FALSE,FALSE
pk_0295,232,Donphan,FALSE,pk_0294,,,TRUE,FALSE,FALSE
pk_0296,233,Porygon2,TRUE,pk_0186,pk_0571,,FALSE,FALSE,FALSE
pk_0297,234,Stantler,FALSE,,,,TRUE,FALSE,FALSE
pk_0298,235,Smeargle,FALSE,,,,TRUE,FALSE,FALSE
pk_0299,236,Tyrogue,TRUE,,pk_0148,,FALSE,FALSE,FALSE
pk_0300,237,Hitmontop,FALSE,pk_0299,,,TRUE,FALSE,FALSE
pk_0301,238,Smoochum,TRUE,,pk_0169,,FALSE,FALSE,FALSE
pk_0302,239,Elekid,TRUE,,pk_0170,pk_0563,FALSE,FALSE,FALSE
pk_0303,240,Magby,TRUE,,pk_0171,pk_0564,FALSE,FALSE,FALSE
pk_0304,241,Miltank,FALSE,,,,TRUE,FALSE,FALSE
pk_0305,242,Blissey,FALSE,pk_0156,,,TRUE,FALSE,FALSE
pk_0306,243,Raikou,FALSE,,,,TRUE,FALSE,FALSE
pk_0307,244,Entei,FALSE,,,,TRUE,FALSE,FALSE
pk_0308,245,Suicune,FALSE,,,,TRUE,FALSE,FALSE
pk_0309,246,Larvitar,TRUE,,pk_0310,pk_0311,FALSE,FALSE,FALSE
pk_0310,247,Pupitar,TRUE,pk_0309,pk_0311,,FALSE,FALSE,FALSE
pk_0311,248,Tyranitar,FALSE,pk_0310,,,TRUE,FALSE,FALSE
pk_0312,248,Mega Tyranitar,FALSE,pk_0310,,,TRUE,TRUE,FALSE
pk_0313,249,Lugia,FALSE,,,,TRUE,FALSE,FALSE
pk_0314,250,Ho-Oh,FALSE,,,,TRUE,FALSE,FALSE
pk_0315,251,Celebi,FALSE,,,,TRUE,FALSE,FALSE
pk_0316,252,Treecko,TRUE,,pk_0317,pk_0318,FALSE,FALSE,FALSE
pk_0317,253,Grovyle,TRUE,pk_0316,pk_0318,,FALSE,FALSE,FALSE
pk_0318,254,Sceptile,FALSE,pk_0317,,,TRUE,FALSE,FALSE
pk_0319,254,Mega Sceptile,FALSE,pk_0317,,,TRUE,TRUE,FALSE
pk_0320,255,Torchic,TRUE,,pk_0321,pk_0322,FALSE,FALSE,FALSE
pk_0321,256,Combusken,TRUE,pk_0320,pk_0322,,FALSE,FALSE,FALSE
pk_0322,257,Blaziken,FALSE,pk_0321,,,TRUE,FALSE,FALSE
pk_0323,257,Mega Blaziken,FALSE,pk_0321,,,TRUE,TRUE,FALSE
pk_0324,258,Mudkip,TRUE,,pk_0325,pk_0326,FALSE,FALSE,FALSE
pk_0325,259,Marshtomp,TRUE,pk_0324,pk_0326,,FALSE,FALSE,FALSE
pk_0326,260,Swampert,FALSE,pk_0325,,,TRUE,FALSE,FALSE
pk_0327,260,Mega Swampert,FALSE,pk_0325,,,TRUE,TRUE,FALSE
pk_0328,261,Poochyena,TRUE,,pk_0329,,FALSE,FALSE,FALSE
pk_0329,262,Mightyena,FALSE,pk_0328,,,TRUE,FALSE,FALSE
pk_0330,263,Zigzagoon,TRUE,,pk_0332,pk_1021,FALSE,FALSE,FALSE
pk_0331,263,Galarian Zigzagoon,TRUE,,,,FALSE,FALSE,FALSE
pk_0332,264,Linoone,TRUE,pk_0330,pk_1021,,TRUE,FALSE,FALSE
pk_0333,264,Galarian Linoone,TRUE,pk_0330,,,FALSE,FALSE,FALSE
pk_0334,265,Wurmple,TRUE,,pk_0335,pk_0336,FALSE,FALSE,FALSE
pk_0335,266,Silcoon,FALSE,pk_0334,pk_0336,,FALSE,FALSE,FALSE
pk_0336,267,Beautifly,FALSE,pk_0335,,,TRUE,FALSE,FALSE
pk_0337,268,Cascoon,FALSE,pk_0334,pk_0338,,FALSE,FALSE,FALSE
pk_0338,269,Dustox,FALSE,pk_0337,,,TRUE,FALSE,FALSE
pk_0339,270,Lotad,TRUE,,pk_0340,pk_0341,FALSE,FALSE,FALSE
pk_0340,271,Lombre,TRUE,pk_0339,pk_0341,,FALSE,FALSE,FALSE
pk_0341,272,Ludicolo,FALSE,pk_0340,,,TRUE,FALSE,FALSE
pk_0342,273,Seedot,TRUE,,pk_0343,pk_0344,FALSE,FALSE,FALSE
pk_0343,274,Nuzleaf,TRUE,pk_0342,pk_0344,,FALSE,FALSE,FALSE
pk_0344,275,Shiftry,FALSE,pk_0343,,,TRUE,FALSE,FALSE
pk_0345,276,Taillow,TRUE,,pk_0346,,FALSE,FALSE,FALSE
pk_0346,277,Swellow,FALSE,pk_0345,,,TRUE,FALSE,FALSE
pk_0347,278,Wingull,TRUE,,pk_0348,,FALSE,FALSE,FALSE
pk_0348,279,Pelipper,FALSE,pk_0347,,,TRUE,FALSE,FALSE
pk_0349,280,Ralts,TRUE,,pk_0350,pk_0351,FALSE,FALSE,FALSE
pk_0350,281,Kirlia,TRUE,pk_0349,pk_0351,,FALSE,FALSE,FALSE
pk_0351,282,Gardevoir,FALSE,pk_0350,,,TRUE,FALSE,FALSE
pk_0352,282,Mega Gardevoir,FALSE,pk_0350,,,TRUE,TRUE,FALSE
pk_0353,283,Surskit,TRUE,,pk_0354,,FALSE,FALSE,FALSE
pk_0354,284,Masquerain,FALSE,pk_0353,,,TRUE,FALSE,FALSE
pk_0355,285,Shroomish,TRUE,,pk_0356,,FALSE,FALSE,FALSE
pk_0356,286,Breloom,FALSE,pk_0355,,,TRUE,FALSE,FALSE
pk_0357,287,Slakoth,TRUE,,pk_0358,pk_0359,FALSE,FALSE,FALSE
pk_0358,288,Vigoroth,TRUE,pk_0357,pk_0359,,FALSE,FALSE,FALSE
pk_0359,289,Slaking,FALSE,pk_0358,,,TRUE,FALSE,FALSE
pk_0360,290,Nincada,TRUE,,pk_0361,,FALSE,FALSE,FALSE
pk_0361,291,Ninjask,FALSE,pk_0360,,,TRUE,FALSE,FALSE
pk_0362,292,Shedinja,FALSE,pk_0360,,,TRUE,FALSE,FALSE
pk_0363,293,Whismur,TRUE,,pk_0364,pk_0365,FALSE,FALSE,FALSE
pk_0364,294,Loudred,TRUE,pk_0363,pk_0365,,FALSE,FALSE,FALSE
pk_0365,295,Exploud,FALSE,pk_0364,,,TRUE,FALSE,FALSE
pk_0366,296,Makuhita,TRUE,,pk_0367,,FALSE,FALSE,FALSE
pk_0367,297,Hariyama,FALSE,pk_0366,,,TRUE,FALSE,FALSE
pk_0368,298,Azurill,TRUE,,pk_0240,pk_0241,FALSE,FALSE,FALSE
pk_0369,299,Nosepass,TRUE,,pk_0574,,FALSE,FALSE,FALSE
pk_0370,300,Skitty,TRUE,,pk_0371,,FALSE,FALSE,FALSE
pk_0371,301,Delcatty,FALSE,pk_0370,,,TRUE,FALSE,FALSE
pk_0372,302,Sableye,FALSE,,,,TRUE,FALSE,FALSE
pk_0373,302,Mega Sableye,FALSE,,,,TRUE,TRUE,FALSE
pk_0374,303,Mawile,FALSE,,,,TRUE,FALSE,FALSE
pk_0375,303,Mega Mawile,FALSE,,,,TRUE,TRUE,FALSE
pk_0376,304,Aron,TRUE,,pk_0377,pk_0378,FALSE,FALSE,FALSE
pk_0377,305,Lairon,TRUE,pk_0376,pk_0378,,FALSE,FALSE,FALSE
pk_0378,306,Aggron,FALSE,pk_0377,,,TRUE,FALSE,FALSE
pk_0379,306,Mega Aggron,FALSE,pk_0377,,,TRUE,TRUE,FALSE
pk_0380,307,Meditite,TRUE,,pk_0381,,FALSE,FALSE,FALSE
pk_0381,308,Medicham,FALSE,pk_0380,,,TRUE,FALSE,FALSE
pk_0382,308,Mega Medicham,FALSE,pk_0380,,,TRUE,TRUE,FALSE
pk_0383,309,Electrike,TRUE,,pk_0384,,FALSE,FALSE,FALSE
pk_0384,310,Manectric,FALSE,pk_0383,,,TRUE,FALSE,FALSE
pk_0385,310,Mega Manectric,FALSE,pk_0383,,,TRUE,TRUE,FALSE
pk_0386,311,Plusle,FALSE,,,,TRUE,FALSE,FALSE
pk_0387,312,Minun,FALSE,,,,TRUE,FALSE,FALSE
pk_0388,313,Volbeat,FALSE,,,,TRUE,FALSE,FALSE
pk_0389,314,Illumise,FALSE,,,,TRUE,FALSE,FALSE
pk_0390,315,Roselia,TRUE,pk_0497,pk_0498,,FALSE,FALSE,FALSE
pk_0391,316,Gulpin,TRUE,,pk_0392,,FALSE,FALSE,FALSE
pk_0392,317,Swalot,FALSE,pk_0391,,,TRUE,FALSE,FALSE
pk_0393,318,Carvanha,TRUE,,pk_0394,,FALSE,FALSE,FALSE
pk_0394,319,Sharpedo,FALSE,pk_0393,,,TRUE,FALSE,FALSE
pk_0395,319,Mega Sharpedo,FALSE,pk_0393,,,TRUE,TRUE,FALSE
pk_0396,320,Wailmer,TRUE,,pk_0397,,FALSE,FALSE,FALSE
pk_0397,321,Wailord,FALSE,pk_0396,,,TRUE,FALSE,FALSE
pk_0398,322,Numel,TRUE,,pk_0399,,FALSE,FALSE,FALSE
pk_0399,323,Camerupt,FALSE,pk_0398,,,TRUE,FALSE,FALSE
pk_0400,323,Mega Camerupt,FALSE,pk_0398,,,TRUE,TRUE,FALSE
pk_0401,324,Torkoal,FALSE,,,,TRUE,FALSE,FALSE
pk_0402,325,Spoink,TRUE,,pk_0403,,FALSE,FALSE,FALSE
pk_0403,326,Grumpig,FALSE,pk_0402,,,TRUE,FALSE,FALSE
pk_0404,327,Spinda,FALSE,,,,TRUE,FALSE,FALSE
pk_0405,328,Trapinch,TRUE,,pk_0406,pk_0407,FALSE,FALSE,FALSE
pk_0406,329,Vibrava,TRUE,pk_0405,pk_0407,,FALSE,FALSE,FALSE
pk_0407,330,Flygon,FALSE,pk_0406,,,TRUE,FALSE,FALSE
pk_0408,331,Cacnea,TRUE,,pk_0409,,FALSE,FALSE,FALSE
pk_0409,332,Cacturne,FALSE,pk_0408,,,TRUE,FALSE,FALSE
pk_0410,333,Swablu,TRUE,,pk_0411,,FALSE,FALSE,FALSE
pk_0411,334,Altaria,FALSE,pk_0410,,,TRUE,FALSE,FALSE
pk_0412,334,Mega Altaria,FALSE,pk_0410,,,TRUE,TRUE,FALSE
pk_0413,335,Zangoose,FALSE,,,,TRUE,FALSE,FALSE
pk_0414,336,Seviper,FALSE,,,,TRUE,FALSE,FALSE
pk_0415,337,Lunatone,FALSE,,,,TRUE,FALSE,FALSE
pk_0416,338,Solrock,FALSE,,,,TRUE,FALSE,FALSE
pk_0417,339,Barboach,TRUE,,pk_0418,,FALSE,FALSE,FALSE
pk_0418,340,Whiscash,FALSE,pk_0417,,,TRUE,FALSE,FALSE
pk_0419,341,Corphish,TRUE,,pk_0420,,FALSE,FALSE,FALSE
pk_0420,342,Crawdaunt,FALSE,pk_0419,,,TRUE,FALSE,FALSE
pk_0421,343,Baltoy,TRUE,,pk_0422,,FALSE,FALSE,FALSE
pk_0422,344,Claydol,FALSE,pk_0421,,,TRUE,FALSE,FALSE
pk_0423,345,Lileep,TRUE,,pk_0424,,FALSE,FALSE,FALSE
pk_0424,346,Cradily,FALSE,pk_0423,,,TRUE,FALSE,FALSE
pk_0425,347,Anorith,TRUE,,pk_0426,,FALSE,FALSE,FALSE
pk_0426,348,Armaldo,FALSE,pk_0425,,,TRUE,FALSE,FALSE
pk_0427,349,Feebas,TRUE,,pk_0428,,FALSE,FALSE,FALSE
pk_0428,350,Milotic,FALSE,pk_0427,,,TRUE,FALSE,FALSE
pk_0429,351,Castform,FALSE,,,,TRUE,FALSE,FALSE
pk_0430,352,Kecleon,FALSE,,,,TRUE,FALSE,FALSE
pk_0431,353,Shuppet,TRUE,,pk_0432,,FALSE,FALSE,FALSE
pk_0432,354,Banette,FALSE,pk_0431,,,TRUE,FALSE,FALSE
pk_0433,354,Mega Banette,FALSE,pk_0431,,,TRUE,TRUE,FALSE
pk_0434,355,Duskull,TRUE,,pk_0435,pk_0575,FALSE,FALSE,FALSE
pk_0435,356,Dusclops,TRUE,pk_0434,pk_0575,,FALSE,FALSE,FALSE
pk_0436,357,Tropius,FALSE,,,,TRUE,FALSE,FALSE
pk_0437,358,Chimecho,FALSE,pk_0527,,,TRUE,FALSE,FALSE
pk_0438,359,Absol,FALSE,,,,TRUE,FALSE,FALSE
pk_0439,359,Mega Absol,FALSE,,,,TRUE,TRUE,FALSE
pk_0440,360,Wynaut,TRUE,,pk_0260,,FALSE,FALSE,FALSE
pk_0441,361,Snorunt,TRUE,,pk_0442,,FALSE,FALSE,FALSE
pk_0442,362,Glalie,FALSE,pk_0441,,,TRUE,FALSE,FALSE
pk_0443,362,Mega Glalie,FALSE,pk_0441,,,TRUE,TRUE,FALSE
pk_0444,363,Spheal,TRUE,,pk_0445,pk_0446,FALSE,FALSE,FALSE
pk_0445,364,Sealeo,TRUE,pk_0444,pk_0446,,FALSE,FALSE,FALSE
pk_0446,365,Walrein,FALSE,pk_0445,,,TRUE,FALSE,FALSE
pk_0447,366,Clamperl,TRUE,,pk_0448,,FALSE,FALSE,FALSE
pk_0448,367,Huntail,FALSE,pk_0447,,,TRUE,FALSE,FALSE
pk_0449,368,Gorebyss,FALSE,pk_0447,,,TRUE,FALSE,FALSE
pk_0450,369,Relicanth,FALSE,,,,TRUE,FALSE,FALSE
pk_0451,370,Luvdisc,FALSE,,,,TRUE,FALSE,FALSE
pk_0452,371,Bagon,TRUE,,pk_0453,pk_0454,FALSE,FALSE,FALSE
pk_0453,372,Shelgon,TRUE,pk_0452,pk_0454,,FALSE,FALSE,FALSE
pk_0454,373,Salamence,FALSE,pk_0453,,,TRUE,FALSE,FALSE
pk_0455,373,Mega Salamence,FALSE,pk_0453,,,TRUE,TRUE,FALSE
pk_0456,374,Beldum,TRUE,,pk_0457,pk_0458,FALSE,FALSE,FALSE
pk_0457,375,Metang,TRUE,pk_0456,pk_0458,,FALSE,FALSE,FALSE
pk_0458,376,Metagross,FALSE,pk_0457,,,TRUE,FALSE,FALSE
pk_0459,376,Mega Metagross,FALSE,pk_0457,,,TRUE,TRUE,FALSE
pk_0460,377,Regirock,FALSE,,,,TRUE,FALSE,FALSE
pk_0461,378,Regice,FALSE,,,,TRUE,FALSE,FALSE
pk_0462,379,Registeel,FALSE,,,,TRUE,FALSE,FALSE
pk_0463,380,Latias,FALSE,,,,TRUE,FALSE,FALSE
pk_0464,380,Mega Latias,FALSE,,,,TRUE,TRUE,FALSE
pk_0465,381,Latios,FALSE,,,,TRUE,FALSE,FALSE
pk_0466,381,Mega Latios,FALSE,,,,TRUE,TRUE,FALSE
pk_0467,382,Kyogre,FALSE,,,,TRUE,FALSE,FALSE
pk_0468,382,Primal Kyogre,FALSE,,,,TRUE,TRUE,FALSE
pk_0469,383,Groudon,FALSE,,,,TRUE,FALSE,FALSE
pk_0470,383,Primal Groudon,FALSE,,,,TRUE,TRUE,FALSE
pk_0471,384,Rayquaza,FALSE,,,,TRUE,FALSE,FALSE
pk_0472,384,Mega Rayquaza,FALSE,,,,TRUE,TRUE,FALSE
pk_0473,385,Jirachi,FALSE,,,,TRUE,FALSE,FALSE
pk_0474,386,Deoxys Normal Forme,FALSE,,,,TRUE,FALSE,FALSE
pk_0475,386,Deoxys Attack Forme,FALSE,,,,TRUE,FALSE,FALSE
pk_0476,386,Deoxys Defense Forme,FALSE,,,,TRUE,FALSE,FALSE
pk_0477,386,Deoxys Speed Forme,FALSE,,,,TRUE,FALSE,FALSE
pk_0478,387,Turtwig,TRUE,,pk_0479,pk_0480,FALSE,FALSE,FALSE
pk_0479,388,Grotle,TRUE,pk_0478,pk_0480,,FALSE,FALSE,FALSE
pk_0480,389,Torterra,FALSE,pk_0479,,,TRUE,FALSE,FALSE
pk_0481,390,Chimchar,TRUE,,pk_0482,pk_0483,FALSE,FALSE,FALSE
pk_0482,391,Monferno,TRUE,pk_0481,pk_0483,,FALSE,FALSE,FALSE
pk_0483,392,Infernape,FALSE,pk_0482,,,TRUE,FALSE,FALSE
pk_0484,393,Piplup,TRUE,,pk_0485,pk_0486,FALSE,FALSE,FALSE
pk_0485,394,Prinplup,TRUE,pk_0484,pk_0486,,FALSE,FALSE,FALSE
pk_0486,395,Empoleon,FALSE,pk_0485,,,TRUE,FALSE,FALSE
pk_0487,396,Starly,TRUE,,pk_0488,pk_0489,FALSE,FALSE,FALSE
pk_0488,397,Staravia,TRUE,pk_0487,pk_0489,,FALSE,FALSE,FALSE
pk_0489,398,Staraptor,FALSE,pk_0488,,,TRUE,FALSE,FALSE
pk_0490,399,Bidoof,TRUE,,pk_0491,,FALSE,FALSE,FALSE
pk_0491,400,Bibarel,FALSE,pk_0490,,,TRUE,FALSE,FALSE
pk_0492,401,Kricketot,TRUE,,pk_0493,,FALSE,FALSE,FALSE
pk_0493,402,Kricketune,FALSE,pk_0492,,,TRUE,FALSE,FALSE
pk_0494,403,Shinx,TRUE,,pk_0495,pk_0496,FALSE,FALSE,FALSE
pk_0495,404,Luxio,TRUE,pk_0494,pk_0496,,FALSE,FALSE,FALSE
pk_0496,405,Luxray,FALSE,pk_0495,,,TRUE,FALSE,FALSE
pk_0497,406,Budew,TRUE,,pk_0390,pk_0498,FALSE,FALSE,FALSE
pk_0498,407,Roserade,FALSE,pk_0390,,,TRUE,FALSE,FALSE
pk_0499,408,Cranidos,TRUE,,pk_0500,,FALSE,FALSE,FALSE
pk_0500,409,Rampardos,FALSE,pk_0499,,,TRUE,FALSE,FALSE
pk_0501,410,Shieldon,TRUE,,pk_0502,,FALSE,FALSE,FALSE
pk_0502,411,Bastiodon,FALSE,pk_0501,,,TRUE,FALSE,FALSE
pk_0503,412,Burmy,TRUE,,pk_0504,,FALSE,FALSE,FALSE
pk_0504,413,Wormadam Plant Cloak,FALSE,pk_0503,,,FALSE,FALSE,FALSE
pk_0505,413,Wormadam Sandy Cloak,FALSE,pk_0503,,,FALSE,FALSE,FALSE
pk_0506,413,Wormadam Trash Cloak,FALSE,pk_0503,,,FALSE,FALSE,FALSE
pk_0507,414,Mothim,FALSE,pk_0503,,,TRUE,FALSE,FALSE
pk_0508,415,Combee,TRUE,,pk_0509,,FALSE,FALSE,FALSE
pk_0509,416,Vespiquen,FALSE,pk_0508,,,TRUE,FALSE,FALSE
pk_0510,417,Pachirisu,FALSE,,,,TRUE,FALSE,FALSE
pk_0511,418,Buizel,TRUE,,pk_0512,,FALSE,FALSE,FALSE
pk_0512,419,Floatzel,FALSE,pk_0511,,,TRUE,FALSE,FALSE
pk_0513,420,Cherubi,TRUE,,pk_0514,,FALSE,FALSE,FALSE
pk_0514,421,Cherrim,FALSE,pk_0513,,,TRUE,FALSE,FALSE
pk_0515,422,Shellos,TRUE,,pk_0516,,FALSE,FALSE,FALSE
pk_0516,423,Gastrodon,FALSE,pk_0515,,,TRUE,FALSE,FALSE
pk_0517,424,Ambipom,FALSE,pk_0247,,,TRUE,FALSE,FALSE
pk_0518,425,Drifloon,TRUE,,pk_0519,,FALSE,FALSE,FALSE
pk_0519,426,Drifblim,FALSE,pk_0518,,,TRUE,FALSE,FALSE
pk_0520,427,Buneary,TRUE,,pk_0521,,FALSE,FALSE,FALSE
pk_0521,428,Lopunny,FALSE,pk_0520,,,TRUE,FALSE,FALSE
pk_0522,428,Mega Lopunny,FALSE,pk_0520,,,TRUE,TRUE,FALSE
pk_0523,429,Mismagius,FALSE,pk_0258,,,TRUE,FALSE,FALSE
pk_0524,430,Honchkrow,FALSE,pk_0255,,,TRUE,FALSE,FALSE
pk_0525,431,Glameow,TRUE,,pk_0526,,FALSE,FALSE,FALSE
pk_0526,432,Purugly,FALSE,pk_0525,,,TRUE,FALSE,FALSE
pk_0527,433,Chingling,TRUE,,pk_0437,,FALSE,FALSE,FALSE
pk_0528,434,Stunky,TRUE,,pk_0529,,FALSE,FALSE,FALSE
pk_0529,435,Skuntank,FALSE,pk_0528,,,TRUE,FALSE,FALSE
pk_0530,436,Bronzor,TRUE,,pk_0531,,FALSE,FALSE,FALSE
pk_0531,437,Bronzong,FALSE,pk_0530,,,TRUE,FALSE,FALSE
pk_0532,438,Bonsly,TRUE,,pk_0242,,FALSE,FALSE,FALSE
pk_0533,439,Mime Jr.,FALSE,,pk_0166,pk_1025,FALSE,FALSE,FALSE
pk_0534,440,Happiny,TRUE,,pk_0156,pk_0305,FALSE,FALSE,FALSE
pk_0535,441,Chatot,FALSE,,,,TRUE,FALSE,FALSE
pk_0536,442,Spiritomb,FALSE,,,,TRUE,FALSE,FALSE
pk_0537,443,Gible,TRUE,,pk_0538,pk_0539,FALSE,FALSE,FALSE
pk_0538,444,Gabite,TRUE,pk_0537,pk_0539,,FALSE,FALSE,FALSE
pk_0539,445,Garchomp,FALSE,pk_0538,,,TRUE,FALSE,FALSE
pk_0540,445,Mega Garchomp,FALSE,pk_0538,,,TRUE,TRUE,FALSE
pk_0541,446,Munchlax,TRUE,,pk_0193,,FALSE,FALSE,FALSE
pk_0542,447,Riolu,TRUE,,pk_0543,,FALSE,FALSE,FALSE
pk_0543,448,Lucario,FALSE,pk_0542,,,TRUE,FALSE,FALSE
pk_0544,448,Mega Lucario,FALSE,pk_0542,,,TRUE,TRUE,FALSE
pk_0545,449,Hippopotas,TRUE,,pk_0546,,FALSE,FALSE,FALSE
pk_0546,450,Hippowdon,FALSE,pk_0545,,,TRUE,FALSE,FALSE
pk_0547,451,Skorupi,TRUE,,pk_0548,,FALSE,FALSE,FALSE
pk_0548,452,Drapion,FALSE,pk_0547,,,TRUE,FALSE,FALSE
pk_0549,453,Croagunk,TRUE,,pk_0550,,FALSE,FALSE,FALSE
pk_0550,454,Toxicroak,FALSE,pk_0549,,,TRUE,FALSE,FALSE
pk_0551,455,Carnivine,FALSE,,,,TRUE,FALSE,FALSE
pk_0552,456,Finneon,TRUE,,pk_0553,,FALSE,FALSE,FALSE
pk_0553,457,Lumineon,FALSE,pk_0552,,,TRUE,FALSE,FALSE
pk_0554,458,Mantyke,TRUE,,pk_0288,,FALSE,FALSE,FALSE
pk_0555,459,Snover,TRUE,,pk_0556,,FALSE,FALSE,FALSE
pk_0556,460,Abomasnow,FALSE,pk_0555,,,TRUE,FALSE,FALSE
pk_0557,460,Mega Abomasnow,FALSE,pk_0555,,,TRUE,TRUE,FALSE
pk_0558,461,Weavile,FALSE,pk_0276,,,TRUE,FALSE,FALSE
pk_0559,462,Magnezone,FALSE,pk_0116,,,TRUE,FALSE,FALSE
pk_0560,463,Lickilicky,FALSE,pk_0150,,,TRUE,FALSE,FALSE
pk_0561,464,Rhyperior,FALSE,pk_0155,,,TRUE,FALSE,FALSE
pk_0562,465,Tangrowth,FALSE,pk_0157,,,TRUE,FALSE,FALSE
pk_0563,466,Electivire,FALSE,pk_0170,,,TRUE,FALSE,FALSE
pk_0564,467,Magmortar,FALSE,pk_0171,,,TRUE,FALSE,FALSE
pk_0565,468,Togekiss,FALSE,pk_0232,,,TRUE,FALSE,FALSE
pk_0566,469,Yanmega,FALSE,pk_0250,,,TRUE,FALSE,FALSE
pk_0567,470,Leafeon,FALSE,pk_0181,,,TRUE,FALSE,FALSE
pk_0568,471,Glaceon,FALSE,pk_0181,,,TRUE,FALSE,FALSE
pk_0569,472,Gliscor,FALSE,pk_0265,,,TRUE,FALSE,FALSE
pk_0570,473,Mamoswine,FALSE,pk_0282,,,TRUE,FALSE,FALSE
pk_0571,474,Porygon-Z,FALSE,pk_0296,,,TRUE,FALSE,FALSE
pk_0572,475,Gallade,FALSE,pk_0350,,,TRUE,FALSE,FALSE
pk_0573,475,Mega Gallade,FALSE,pk_0350,,,TRUE,TRUE,FALSE
pk_0574,476,Probopass,FALSE,pk_0369,,,TRUE,FALSE,FALSE
pk_0575,477,Dusknoir,FALSE,pk_0435,,,TRUE,FALSE,FALSE
pk_0576,478,Froslass,FALSE,pk_0441,,,TRUE,FALSE,FALSE
pk_0577,479,Rotom,FALSE,,,,TRUE,FALSE,FALSE
pk_0578,479,Heat Rotom,FALSE,,,,TRUE,FALSE,FALSE
pk_0579,479,Wash Rotom,FALSE,,,,TRUE,FALSE,FALSE
pk_0580,479,Frost Rotom,FALSE,,,,TRUE,FALSE,FALSE
pk_0581,479,Fan Rotom,FALSE,,,,TRUE,FALSE,FALSE
pk_0582,479,Mow Rotom,FALSE,,,,TRUE,FALSE,FALSE
pk_0583,480,Uxie,FALSE,,,,TRUE,FALSE,FALSE
pk_0584,481,Mesprit,FALSE,,,,TRUE,FALSE,FALSE
pk_0585,482,Azelf,FALSE,,,,TRUE,FALSE,FALSE
pk_0586,483,Dialga,FALSE,,,,TRUE,FALSE,FALSE
pk_0587,484,Palkia,FALSE,,,,TRUE,FALSE,FALSE
pk_0588,485,Heatran,FALSE,,,,TRUE,FALSE,FALSE
pk_0589,486,Regigigas,FALSE,,,,TRUE,FALSE,FALSE
pk_0590,487,Giratina Altered Forme,FALSE,,,,TRUE,FALSE,FALSE
pk_0591,487,Giratina Origin Forme,FALSE,,,,TRUE,FALSE,FALSE
pk_0592,488,Cresselia,FALSE,,,,TRUE,FALSE,FALSE
pk_0593,489,Phione,FALSE,,,,TRUE,FALSE,FALSE
pk_0594,490,Manaphy,FALSE,,,,TRUE,FALSE,FALSE
pk_0595,491,Darkrai,FALSE,,,,TRUE,FALSE,FALSE
pk_0596,492,Shaymin Land Forme,FALSE,,,,TRUE,FALSE,FALSE
pk_0597,492,Shaymin Sky Forme,FALSE,,,,TRUE,FALSE,FALSE
pk_0598,493,Arceus,FALSE,,,,TRUE,FALSE,FALSE
pk_0599,494,Victini,FALSE,,,,TRUE,FALSE,FALSE
pk_0600,495,Snivy,TRUE,,pk_0601,pk_0602,FALSE,FALSE,FALSE
pk_0601,496,Servine,TRUE,pk_0600,pk_0602,,FALSE,FALSE,FALSE
pk_0602,497,Serperior,FALSE,pk_0601,,,TRUE,FALSE,FALSE
pk_0603,498,Tepig,TRUE,,pk_0604,pk_0605,FALSE,FALSE,FALSE
pk_0604,499,Pignite,TRUE,pk_0603,pk_0605,,FALSE,FALSE,FALSE
pk_0605,500,Emboar,FALSE,pk_0604,,,TRUE,FALSE,FALSE
pk_0606,501,Oshawott,TRUE,,pk_0607,pk_0608,FALSE,FALSE,FALSE
pk_0607,502,Dewott,TRUE,pk_0606,pk_0608,,FALSE,FALSE,FALSE
pk_0608,503,Samurott,FALSE,pk_0607,,,TRUE,FALSE,FALSE
pk_0609,504,Patrat,TRUE,,pk_0610,,FALSE,FALSE,FALSE
pk_0610,505,Watchog,FALSE,pk_0609,,,TRUE,FALSE,FALSE
pk_0611,506,Lillipup,TRUE,,pk_0612,pk_0613,FALSE,FALSE,FALSE
pk_0612,507,Herdier,TRUE,pk_0611,pk_0613,,FALSE,FALSE,FALSE
pk_0613,508,Stoutland,FALSE,pk_0612,,,TRUE,FALSE,FALSE
pk_0614,509,Purrloin,TRUE,,pk_0615,,FALSE,FALSE,FALSE
pk_0615,510,Liepard,FALSE,pk_0614,,,TRUE,FALSE,FALSE
pk_0616,511,Pansage,TRUE,,pk_0617,,FALSE,FALSE,FALSE
pk_0617,512,Simisage,FALSE,pk_0616,,,TRUE,FALSE,FALSE
pk_0618,513,Pansear,TRUE,,pk_0619,,FALSE,FALSE,FALSE
pk_0619,514,Simisear,FALSE,pk_0618,,,TRUE,FALSE,FALSE
pk_0620,515,Panpour,TRUE,,pk_0621,,FALSE,FALSE,FALSE
pk_0621,516,Simipour,FALSE,pk_0620,,,TRUE,FALSE,FALSE
pk_0622,517,Munna,TRUE,,pk_0623,,FALSE,FALSE,FALSE
pk_0623,518,Musharna,FALSE,pk_0622,,,TRUE,FALSE,FALSE
pk_0624,519,Pidove,TRUE,,pk_0625,pk_0626,FALSE,FALSE,FALSE
pk_0625,520,Tranquill,TRUE,pk_0624,pk_0626,,FALSE,FALSE,FALSE
pk_0626,521,Unfezant,FALSE,pk_0625,,,TRUE,FALSE,FALSE
pk_0627,522,Blitzle,TRUE,,pk_0628,,FALSE,FALSE,FALSE
pk_0628,523,Zebstrika,FALSE,pk_0627,,,TRUE,FALSE,FALSE
pk_0629,524,Roggenrola,TRUE,,pk_0630,pk_0631,FALSE,FALSE,FALSE
pk_0630,525,Boldore,TRUE,pk_0629,pk_0631,,FALSE,FALSE,FALSE
pk_0631,526,Gigalith,FALSE,pk_0630,,,TRUE,FALSE,FALSE
pk_0632,527,Woobat,TRUE,,pk_0633,,FALSE,FALSE,FALSE
pk_0633,528,Swoobat,FALSE,pk_0632,,,TRUE,FALSE,FALSE
pk_0634,529,Drilbur,TRUE,,pk_0635,,FALSE,FALSE,FALSE
pk_0635,530,Excadrill,FALSE,pk_0634,,,TRUE,FALSE,FALSE
pk_0636,531,Audino,FALSE,,,,TRUE,FALSE,FALSE
pk_0637,531,Mega Audino,FALSE,,,,TRUE,TRUE,FALSE
pk_0638,532,Timburr,TRUE,,pk_0639,pk_0640,FALSE,FALSE,FALSE
pk_0639,533,Gurdurr,TRUE,pk_0638,pk_0640,,FALSE,FALSE,FALSE
pk_0640,534,Conkeldurr,FALSE,pk_0639,,,TRUE,FALSE,FALSE
pk_0641,535,Tympole,TRUE,,pk_0642,pk_0643,FALSE,FALSE,FALSE
pk_0642,536,Palpitoad,TRUE,pk_0641,pk_0643,,FALSE,FALSE,FALSE
pk_0643,537,Seismitoad,FALSE,pk_0642,,,TRUE,FALSE,FALSE
pk_0644,538,Throh,FALSE,,,,TRUE,FALSE,FALSE
pk_0645,539,Sawk,FALSE,,,,TRUE,FALSE,FALSE
pk_0646,540,Sewaddle,TRUE,,pk_0647,pk_0648,FALSE,FALSE,FALSE
pk_0647,541,Swadloon,TRUE,pk_0646,pk_0648,,FALSE,FALSE,FALSE
pk_0648,542,Leavanny,FALSE,pk_0647,,,TRUE,FALSE,FALSE
pk_0649,543,Venipede,TRUE,,pk_0650,pk_0651,FALSE,FALSE,FALSE
pk_0650,544,Whirlipede,TRUE,pk_0649,pk_0651,,FALSE,FALSE,FALSE
pk_0651,545,Scolipede,FALSE,pk_0650,,,TRUE,FALSE,FALSE
pk_0652,546,Cottonee,TRUE,,pk_0653,,FALSE,FALSE,FALSE
pk_0653,547,Whimsicott,FALSE,pk_0652,,,TRUE,FALSE,FALSE
pk_0654,548,Petilil,TRUE,,pk_0655,,FALSE,FALSE,FALSE
pk_0655,549,Lilligant,FALSE,pk_0654,,,TRUE,FALSE,FALSE
pk_0656,550,Basculin,FALSE,,,,TRUE,FALSE,FALSE
pk_0657,551,Sandile,TRUE,,pk_0658,pk_0659,FALSE,FALSE,FALSE
pk_0658,552,Krokorok,TRUE,pk_0657,pk_0659,,FALSE,FALSE,FALSE
pk_0659,553,Krookodile,FALSE,pk_0658,,,TRUE,FALSE,FALSE
pk_0660,554,Darumaka,TRUE,,pk_0662,,FALSE,FALSE,FALSE
pk_0661,554,Galarian Darumaka,TRUE,,,,FALSE,FALSE,FALSE
pk_0662,555,Darmanitan Standard Mode,FALSE,pk_0660,,,FALSE,FALSE,FALSE
pk_0663,555,Galarian Darmanitan Standard Mode,FALSE,pk_0660,,,FALSE,FALSE,FALSE
pk_0664,555,Darmanitan Zen Mode,FALSE,pk_0660,,,FALSE,FALSE,FALSE
pk_0665,555,Galarian Darmanitan Zen Mode,FALSE,pk_0660,,,FALSE,FALSE,FALSE
pk_0666,556,Maractus,FALSE,,,,TRUE,FALSE,FALSE
pk_0667,557,Dwebble,TRUE,,pk_0668,,FALSE,FALSE,FALSE
pk_0668,558,Crustle,FALSE,pk_0667,,,TRUE,FALSE,FALSE
pk_0669,559,Scraggy,TRUE,,pk_0670,,FALSE,FALSE,FALSE
pk_0670,560,Scrafty,FALSE,pk_0669,,,TRUE,FALSE,FALSE
pk_0671,561,Sigilyph,FALSE,,,,TRUE,FALSE,FALSE
pk_0672,562,Yamask,TRUE,,pk_0674,,FALSE,FALSE,FALSE
pk_0673,562,Galarian Yamask,TRUE,,,,FALSE,FALSE,FALSE
pk_0674,563,Cofagrigus,FALSE,pk_0672,,,TRUE,FALSE,FALSE
pk_0675,564,Tirtouga,TRUE,,pk_0676,,FALSE,FALSE,FALSE
pk_0676,565,Carracosta,FALSE,pk_0675,,,TRUE,FALSE,FALSE
pk_0677,566,Archen,TRUE,,pk_0678,,FALSE,FALSE,FALSE
pk_0678,567,Archeops,FALSE,pk_0677,,,TRUE,FALSE,FALSE
pk_0679,568,Trubbish,TRUE,,pk_0680,,FALSE,FALSE,FALSE
pk_0680,569,Garbodor,FALSE,pk_0679,,,TRUE,FALSE,FALSE
pk_0681,569,Gigantamax Garbodor,FALSE,pk_0679,,,FALSE,FALSE,TRUE
pk_0682,570,Zorua,TRUE,,pk_0683,,FALSE,FALSE,FALSE
pk_0683,571,Zoroark,FALSE,pk_0682,,,TRUE,FALSE,FALSE
pk_0684,572,Minccino,TRUE,,pk_0685,,FALSE,FALSE,FALSE
pk_0685,573,Cinccino,FALSE,pk_0684,,,TRUE,FALSE,FALSE
pk_0686,574,Gothita,TRUE,,pk_0687,pk_0688,FALSE,FALSE,FALSE
pk_0687,575,Gothorita,TRUE,pk_0686,pk_0688,,FALSE,FALSE,FALSE
pk_0688,576,Gothitelle,FALSE,pk_0687,,,TRUE,FALSE,FALSE
pk_0689,577,Solosis,TRUE,,pk_0690,pk_0691,FALSE,FALSE,FALSE
pk_0690,578,Duosion,TRUE,pk_0689,pk_0691,,FALSE,FALSE,FALSE
pk_0691,579,Reuniclus,FALSE,pk_0690,,,TRUE,FALSE,FALSE
pk_0692,580,Ducklett,TRUE,,pk_0693,,FALSE,FALSE,FALSE
pk_0693,581,Swanna,FALSE,pk_0692,,,TRUE,FALSE,FALSE
pk_0694,582,Vanillite,TRUE,,pk_0695,pk_0696,FALSE,FALSE,FALSE
pk_0695,583,Vanillish,TRUE,pk_0694,pk_0696,,FALSE,FALSE,FALSE
pk_0696,584,Vanilluxe,FALSE,pk_0695,,,TRUE,FALSE,FALSE
pk_0697,585,Deerling,TRUE,,pk_0698,,FALSE,FALSE,FALSE
pk_0698,586,Sawsbuck,FALSE,pk_0697,,,TRUE,FALSE,FALSE
pk_0699,587,Emolga,FALSE,,,,TRUE,FALSE,FALSE
pk_0700,588,Karrablast,TRUE,,pk_0701,,FALSE,FALSE,FALSE
pk_0701,589,Escavalier,FALSE,pk_0700,,,TRUE,FALSE,FALSE
pk_0702,590,Foongus,TRUE,,pk_0703,,FALSE,FALSE,FALSE
pk_0703,591,Amoonguss,FALSE,pk_0702,,,TRUE,FALSE,FALSE
pk_0704,592,Frillish,TRUE,,pk_0705,,FALSE,FALSE,FALSE
pk_0705,593,Jellicent,FALSE,pk_0704,,,TRUE,FALSE,FALSE
pk_0706,594,Alomomola,FALSE,,,,TRUE,FALSE,FALSE
pk_0707,595,Joltik,TRUE,,pk_0708,,FALSE,FALSE,FALSE
pk_0708,596,Galvantula,FALSE,pk_0707,,,TRUE,FALSE,FALSE
pk_0709,597,Ferroseed,TRUE,,pk_0710,,FALSE,FALSE,FALSE
pk_0710,598,Ferrothorn,FALSE,pk_0709,,,TRUE,FALSE,FALSE
pk_0711,599,Klink,TRUE,,pk_0712,pk_0713,FALSE,FALSE,FALSE
pk_0712,600,Klang,TRUE,pk_0711,pk_0713,,FALSE,FALSE,FALSE
pk_0713,601,Klinklang,FALSE,pk_0712,,,TRUE,FALSE,FALSE
pk_0714,602,Tynamo,TRUE,,pk_0715,pk_0716,FALSE,FALSE,FALSE
pk_0715,603,Eelektrik,TRUE,pk_0714,pk_0716,,FALSE,FALSE,FALSE
pk_0716,604,Eelektross,FALSE,pk_0715,,,TRUE,FALSE,FALSE
pk_0717,605,Elgyem,TRUE,,pk_0718,,FALSE,FALSE,FALSE
pk_0718,606,Beheeyem,FALSE,pk_0717,,,TRUE,FALSE,FALSE
pk_0719,607,Litwick,TRUE,,pk_0720,pk_0721,FALSE,FALSE,FALSE
pk_0720,608,Lampent,TRUE,pk_0719,pk_0721,,FALSE,FALSE,FALSE
pk_0721,609,Chandelure,FALSE,pk_0720,,,TRUE,FALSE,FALSE
pk_0722,610,Axew,TRUE,,pk_0723,pk_0724,FALSE,FALSE,FALSE
pk_0723,611,Fraxure,TRUE,pk_0722,pk_0724,,FALSE,FALSE,FALSE
pk_0724,612,Haxorus,FALSE,pk_0723,,,TRUE,FALSE,FALSE
pk_0725,613,Cubchoo,TRUE,,pk_0726,,FALSE,FALSE,FALSE
pk_0726,614,Beartic,FALSE,pk_0725,,,TRUE,FALSE,FALSE
pk_0727,615,Cryogonal,FALSE,,,,TRUE,FALSE,FALSE
pk_0728,616,Shelmet,TRUE,,pk_0729,,FALSE,FALSE,FALSE
pk_0729,617,Accelgor,FALSE,pk_0728,,,TRUE,FALSE,FALSE
pk_0730,618,Stunfisk,FALSE,,,,TRUE,FALSE,FALSE
pk_0731,618,Galarian Stunfisk,FALSE,,,,TRUE,FALSE,FALSE
pk_0732,619,Mienfoo,TRUE,,pk_0733,,FALSE,FALSE,FALSE
pk_0733,620,Mienshao,FALSE,pk_0732,,,TRUE,FALSE,FALSE
pk_0734,621,Druddigon,FALSE,,,,TRUE,FALSE,FALSE
pk_0735,622,Golett,TRUE,,pk_0736,,FALSE,FALSE,FALSE
pk_0736,623,Golurk,FALSE,pk_0735,,,TRUE,FALSE,FALSE
pk_0737,624,Pawniard,TRUE,,pk_0738,,FALSE,FALSE,FALSE
pk_0738,625,Bisharp,FALSE,pk_0737,,,TRUE,FALSE,FALSE
pk_0739,626,Bouffalant,FALSE,,,,TRUE,FALSE,FALSE
pk_0740,627,Rufflet,TRUE,,pk_0741,,FALSE,FALSE,FALSE
pk_0741,628,Braviary,FALSE,pk_0740,,,TRUE,FALSE,FALSE
pk_0742,629,Vullaby,TRUE,,pk_0743,,FALSE,FALSE,FALSE
pk_0743,630,Mandibuzz,FALSE,pk_0742,,,TRUE,FALSE,FALSE
pk_0744,631,Heatmor,FALSE,,,,TRUE,FALSE,FALSE
pk_0745,632,Durant,FALSE,,,,TRUE,FALSE,FALSE
pk_0746,633,Deino,TRUE,,pk_0747,pk_0748,FALSE,FALSE,FALSE
pk_0747,634,Zweilous,TRUE,pk_0746,pk_0748,,FALSE,FALSE,FALSE
pk_0748,635,Hydreigon,FALSE,pk_0747,,,TRUE,FALSE,FALSE
pk_0749,636,Larvesta,TRUE,,pk_0750,,FALSE,FALSE,FALSE
pk_0750,637,Volcarona,FALSE,pk_0749,,,TRUE,FALSE,FALSE
pk_0751,638,Cobalion,FALSE,,,,TRUE,FALSE,FALSE
pk_0752,639,Terrakion,FALSE,,,,TRUE,FALSE,FALSE
pk_0753,640,Virizion,FALSE,,,,TRUE,FALSE,FALSE
pk_0754,641,Tornadus Incarnate Forme,FALSE,,,,TRUE,FALSE,FALSE
pk_0755,641,Tornadus Therian Forme,FALSE,,,,TRUE,FALSE,FALSE
pk_0756,642,Thundurus Incarnate Forme,FALSE,,,,TRUE,FALSE,FALSE
pk_0757,642,Thundurus Therian Forme,FALSE,,,,TRUE,FALSE,FALSE
pk_0758,643,Reshiram,FALSE,,,,TRUE,FALSE,FALSE
pk_0759,644,Zekrom,FALSE,,,,TRUE,FALSE,FALSE
pk_0760,645,Landorus Incarnate Forme,FALSE,,,,TRUE,FALSE,FALSE
pk_0761,645,Landorus Therian Forme,FALSE,,,,TRUE,FALSE,FALSE
pk_0762,646,Kyurem,FALSE,,,,TRUE,FALSE,FALSE
pk_0763,646,Black Kyurem,FALSE,,,,TRUE,FALSE,FALSE
pk_0764,646,White Kyurem,FALSE,,,,TRUE,FALSE,FALSE
pk_0765,647,Keldeo Ordinary Forme,FALSE,,,,TRUE,FALSE,FALSE
pk_0766,647,Keldeo Resolute Forme,FALSE,,,,TRUE,FALSE,FALSE
pk_0767,648,Meloetta Aria Forme,FALSE,,,,TRUE,FALSE,FALSE
pk_0768,648,Meloetta Pirouette Forme,FALSE,,,,TRUE,FALSE,FALSE
pk_0769,649,Genesect,FALSE,,,,TRUE,FALSE,FALSE
pk_0770,650,Chespin,TRUE,,pk_0771,pk_0772,FALSE,FALSE,FALSE
pk_0771,651,Quilladin,TRUE,pk_0770,pk_0772,,FALSE,FALSE,FALSE
pk_0772,652,Chesnaught,FALSE,pk_0771,,,TRUE,FALSE,FALSE
pk_0773,653,Fennekin,TRUE,,pk_0774,pk_0775,FALSE,FALSE,FALSE
pk_0774,654,Braixen,TRUE,pk_0773,pk_0775,,FALSE,FALSE,FALSE
pk_0775,655,Delphox,FALSE,pk_0774,,,TRUE,FALSE,FALSE
pk_0776,656,Froakie,TRUE,,pk_0777,pk_0778,FALSE,FALSE,FALSE
pk_0777,657,Frogadier,TRUE,pk_0776,pk_0778,,FALSE,FALSE,FALSE
pk_0778,658,Greninja,FALSE,pk_0777,,,TRUE,FALSE,FALSE
pk_0779,658,Ash-Greninja,FALSE,pk_0777,,,TRUE,FALSE,FALSE
pk_0780,659,Bunnelby,TRUE,,pk_0781,,FALSE,FALSE,FALSE
pk_0781,660,Diggersby,FALSE,pk_0780,,,TRUE,FALSE,FALSE
pk_0782,661,Fletchling,TRUE,,pk_0783,pk_0784,FALSE,FALSE,FALSE
pk_0783,662,Fletchinder,TRUE,pk_0782,pk_0784,,FALSE,FALSE,FALSE
pk_0784,663,Talonflame,FALSE,pk_0783,,,TRUE,FALSE,FALSE
pk_0785,664,Scatterbug,TRUE,,pk_0786,pk_0787,FALSE,FALSE,FALSE
pk_0786,665,Spewpa,TRUE,pk_0785,pk_0787,,FALSE,FALSE,FALSE
pk_0787,666,Vivillon,FALSE,pk_0786,,,TRUE,FALSE,FALSE
pk_0788,667,Litleo,TRUE,,pk_0789,,FALSE,FALSE,FALSE
pk_0789,668,Pyroar,FALSE,pk_0788,,,TRUE,FALSE,FALSE
pk_0790,669,Flabébé,FALSE,,pk_0791,pk_0792,FALSE,FALSE,FALSE
pk_0791,670,Floette,TRUE,pk_0790,pk_0792,,FALSE,FALSE,FALSE
pk_0792,671,Florges,FALSE,pk_0791,,,TRUE,FALSE,FALSE
pk_0793,672,Skiddo,TRUE,,pk_0794,,FALSE,FALSE,FALSE
pk_0794,673,Gogoat,FALSE,pk_0793,,,TRUE,FALSE,FALSE
pk_0795,674,Pancham,TRUE,,pk_0796,,FALSE,FALSE,FALSE
pk_0796,675,Pangoro,FALSE,pk_0795,,,TRUE,FALSE,FALSE
pk_0797,676,Furfrou,FALSE,,,,TRUE,FALSE,FALSE
pk_0798,677,Espurr,TRUE,,pk_0799,,FALSE,FALSE,FALSE
pk_0799,678,Meowstic M,FALSE,pk_0798,,,TRUE,FALSE,FALSE
pk_0800,678,Meowstic F,FALSE,pk_0798,,,TRUE,FALSE,FALSE
pk_0801,679,Honedge,TRUE,,pk_0802,pk_0803,FALSE,FALSE,FALSE
pk_0802,680,Doublade,TRUE,pk_0801,pk_0803,,FALSE,FALSE,FALSE
pk_0803,681,Aegislash Blade Forme,FALSE,pk_0802,,,FALSE,FALSE,FALSE
pk_0804,681,Aegislash Shield Forme,FALSE,pk_0802,,,FALSE,FALSE,FALSE
pk_0805,682,Spritzee,TRUE,,pk_0806,,FALSE,FALSE,FALSE
pk_0806,683,Aromatisse,FALSE,pk_0805,,,TRUE,FALSE,FALSE
pk_0807,684,Swirlix,TRUE,,pk_0808,,FALSE,FALSE,FALSE
pk_0808,685,Slurpuff,FALSE,pk_0807,,,TRUE,FALSE,FALSE
pk_0809,686,Inkay,TRUE,,pk_0810,,FALSE,FALSE,FALSE
pk_0810,687,Malamar,FALSE,pk_0809,,,TRUE,FALSE,FALSE
pk_0811,688,Binacle,TRUE,,pk_0812,,FALSE,FALSE,FALSE
pk_0812,689,Barbaracle,FALSE,pk_0811,,,TRUE,FALSE,FALSE
pk_0813,690,Skrelp,TRUE,,pk_0814,,FALSE,FALSE,FALSE
pk_0814,691,Dragalge,FALSE,pk_0813,,,TRUE,FALSE,FALSE
pk_0815,692,Clauncher,TRUE,,pk_0816,,FALSE,FALSE,FALSE
pk_0816,693,Clawitzer,FALSE,pk_0815,,,TRUE,FALSE,FALSE
pk_0817,694,Helioptile,TRUE,,pk_0818,,FALSE,FALSE,FALSE
pk_0818,695,Heliolisk,FALSE,pk_0817,,,TRUE,FALSE,FALSE
pk_0819,696,Tyrunt,TRUE,,pk_0820,,FALSE,FALSE,FALSE
pk_0820,697,Tyrantrum,FALSE,pk_0819,,,TRUE,FALSE,FALSE
pk_0821,698,Amaura,TRUE,,pk_0822,,FALSE,FALSE,FALSE
pk_0822,699,Aurorus,FALSE,pk_0821,,,TRUE,FALSE,FALSE
pk_0823,700,Sylveon,FALSE,pk_0181,,,TRUE,FALSE,FALSE
pk_0824,701,Hawlucha,FALSE,,,,TRUE,FALSE,FALSE
pk_0825,702,Dedenne,FALSE,,,,TRUE,FALSE,FALSE
pk_0826,703,Carbink,FALSE,,,,TRUE,FALSE,FALSE
pk_0827,704,Goomy,TRUE,,pk_0828,pk_0829,FALSE,FALSE,FALSE
pk_0828,705,Sliggoo,TRUE,pk_0827,pk_0829,,FALSE,FALSE,FALSE
pk_0829,706,Goodra,FALSE,pk_0828,,,TRUE,FALSE,FALSE
pk_0830,707,Klefki,FALSE,,,,TRUE,FALSE,FALSE
pk_0831,708,Phantump,TRUE,,pk_0832,,FALSE,FALSE,FALSE
pk_0832,709,Trevenant,FALSE,pk_0831,,,TRUE,FALSE,FALSE
pk_0833,710,Pumpkaboo Average Size,TRUE,,pk_0837,,FALSE,FALSE,FALSE
pk_0834,710,Pumpkaboo Small Size,TRUE,,pk_0838,,FALSE,FALSE,FALSE
pk_0835,710,Pumpkaboo Large Size,TRUE,,pk_0839,,FALSE,FALSE,FALSE
pk_0836,710,Pumpkaboo Super Size,TRUE,,pk_0840,,FALSE,FALSE,FALSE
pk_0837,711,Gourgeist Average Size,FALSE,pk_0833,,,FALSE,FALSE,FALSE
pk_0838,711,Gourgeist Small Size,FALSE,pk_0834,,,FALSE,FALSE,FALSE
pk_0839,711,Gourgeist Large Size,FALSE,pk_0835,,,FALSE,FALSE,FALSE
pk_0840,711,Gourgeist Super Size,FALSE,pk_0836,,,FALSE,FALSE,FALSE
pk_0841,712,Bergmite,TRUE,,pk_0842,,FALSE,FALSE,FALSE
pk_0842,713,Avalugg,FALSE,pk_0841,,,TRUE,FALSE,FALSE
pk_0843,714,Noibat,TRUE,,pk_0844,,FALSE,FALSE,FALSE
pk_0844,715,Noivern,FALSE,pk_0843,,,TRUE,FALSE,FALSE
pk_0845,716,Xerneas,FALSE,,,,TRUE,FALSE,FALSE
pk_0846,717,Yveltal,FALSE,,,,TRUE,FALSE,FALSE
pk_0847,718,Zygarde 10% Forme,FALSE,,,,TRUE,FALSE,FALSE
pk_0848,718,Zygarde 50% Forme,FALSE,,,,TRUE,FALSE,FALSE
pk_0849,718,Zygarde Complete Forme,FALSE,,,,TRUE,FALSE,FALSE
pk_0850,719,Diancie,FALSE,,,,TRUE,FALSE,FALSE
pk_0851,719,Mega Diancie,FALSE,,,,TRUE,TRUE,FALSE
pk_0852,720,Hoopa Confined,FALSE,,,,TRUE,FALSE,FALSE
pk_0853,720,Hoopa Unbound,FALSE,,,,TRUE,FALSE,FALSE
pk_0854,721,Volcanion,FALSE,,,,TRUE,FALSE,FALSE
pk_0855,722,Rowlet,TRUE,,pk_0856,pk_0857,FALSE,FALSE,FALSE
pk_0856,723,Dartrix,TRUE,pk_0855,pk_0857,,FALSE,FALSE,FALSE
pk_0857,724,Decidueye,FALSE,pk_0856,,,TRUE,FALSE,FALSE
pk_0858,725,Litten,TRUE,,pk_0859,pk_0860,FALSE,FALSE,FALSE
pk_0859,726,Torracat,TRUE,pk_0858,pk_0860,,FALSE,FALSE,FALSE
pk_0860,727,Incineroar,FALSE,pk_0859,,,TRUE,FALSE,FALSE
pk_0861,728,Popplio,TRUE,,pk_0862,pk_0863,FALSE,FALSE,FALSE
pk_0862,729,Brionne,TRUE,pk_0861,pk_0863,,FALSE,FALSE,FALSE
pk_0863,730,Primarina,FALSE,pk_0862,,,TRUE,FALSE,FALSE
pk_0864,731,Pikipek,TRUE,,pk_0865,pk_0866,FALSE,FALSE,FALSE
pk_0865,732,Trumbeak,TRUE,pk_0864,pk_0866,,FALSE,FALSE,FALSE
pk_0866,733,Toucannon,FALSE,pk_0865,,,TRUE,FALSE,FALSE
pk_0867,734,Yungoos,TRUE,,pk_0868,,FALSE,FALSE,FALSE
pk_0868,735,Gumshoos,FALSE,pk_0867,,,TRUE,FALSE,FALSE
pk_0869,736,Grubbin,TRUE,,pk_0870,pk_0871,FALSE,FALSE,FALSE
pk_0870,737,Charjabug,TRUE,pk_0869,pk_0871,,FALSE,FALSE,FALSE
pk_0871,738,Vikavolt,FALSE,pk_0870,,,TRUE,FALSE,FALSE
pk_0872,739,Crabrawler,TRUE,,pk_0873,,FALSE,FALSE,FALSE
pk_0873,740,Crabominable,FALSE,pk_0872,,,TRUE,FALSE,FALSE
pk_0874,741,Oricorio Baile Style,FALSE,,,,TRUE,FALSE,FALSE
pk_0875,741,Oricorio Pom-Pom Style,FALSE,,,,TRUE,FALSE,FALSE
pk_0876,741,Oricorio P'au Style,FALSE,,,,TRUE,FALSE,FALSE
pk_0877,741,Oricorio Sensu Style,FALSE,,,,TRUE,FALSE,FALSE
pk_0878,742,Cutiefly,TRUE,,pk_0879,,FALSE,FALSE,FALSE
pk_0879,743,Ribombee,FALSE,pk_0878,,,TRUE,FALSE,FALSE
pk_0880,744,Rockruff,TRUE,,pk_0881,,FALSE,FALSE,FALSE
pk_0881,745,Lycanroc Midday Forme,FALSE,pk_0880,,,FALSE,FALSE,FALSE
pk_0882,745,Lycanroc Midnight Forme,FALSE,pk_0880,,,FALSE,FALSE,FALSE
pk_0883,745,Lycanroc Dusk Forme,FALSE,pk_0880,,,FALSE,FALSE,FALSE
pk_0884,746,Wishiwashi Solo Forme,FALSE,,,,FALSE,FALSE,FALSE
pk_0885,746,Wishiwashi School Forme,FALSE,,,,FALSE,FALSE,FALSE
pk_0886,747,Mareanie,TRUE,,pk_0887,,FALSE,FALSE,FALSE
pk_0887,748,Toxapex,FALSE,pk_0886,,,TRUE,FALSE,FALSE
pk_0888,749,Mudbray,TRUE,,pk_0889,,FALSE,FALSE,FALSE
pk_0889,750,Mudsdale,FALSE,pk_0888,,,TRUE,FALSE,FALSE
pk_0890,751,Dewpider,TRUE,,pk_0891,,FALSE,FALSE,FALSE
pk_0891,752,Araquanid,FALSE,pk_0890,,,TRUE,FALSE,FALSE
pk_0892,753,Fomantis,TRUE,,pk_0893,,FALSE,FALSE,FALSE
pk_0893,754,Lurantis,FALSE,pk_0892,,,TRUE,FALSE,FALSE
pk_0894,755,Morelull,TRUE,,pk_0895,,FALSE,FALSE,FALSE
pk_0895,756,Shiinotic,FALSE,pk_0894,,,TRUE,FALSE,FALSE
pk_0896,757,Salandit,TRUE,,pk_0897,,FALSE,FALSE,FALSE
pk_0897,758,Salazzle,FALSE,pk_0896,,,TRUE,FALSE,FALSE
pk_0898,759,Stufful,TRUE,,pk_0899,,FALSE,FALSE,FALSE
pk_0899,760,Bewear,FALSE,pk_0898,,,TRUE,FALSE,FALSE
pk_0900,761,Bounsweet,TRUE,,pk_0901,pk_0902,FALSE,FALSE,FALSE
pk_0901,762,Steenee,TRUE,pk_0900,pk_0902,,FALSE,FALSE,FALSE
pk_0902,763,Tsareena,FALSE,pk_0901,,,TRUE,FALSE,FALSE
pk_0903,764,Comfey,FALSE,,,,TRUE,FALSE,FALSE
pk_0904,765,Oranguru,FALSE,,,,TRUE,FALSE,FALSE
pk_0905,766,Passimian,FALSE,,,,TRUE,FALSE,FALSE
pk_0906,767,Wimpod,TRUE,,pk_0907,,FALSE,FALSE,FALSE
pk_0907,768,Golisopod,FALSE,pk_0906,,,TRUE,FALSE,FALSE
pk_0908,769,Sandygast,TRUE,,pk_0909,,FALSE,FALSE,FALSE
pk_0909,770,Palossand,FALSE,pk_0908,,,TRUE,FALSE,FALSE
pk_0910,771,Pyukumuku,FALSE,,,,TRUE,FALSE,FALSE
pk_0911,772,Type: Null,FALSE,,pk_0912,,FALSE,FALSE,FALSE
pk_0912,773,Silvally,FALSE,pk_0911,,,TRUE,FALSE,FALSE
pk_0913,774,Minior Meteor Forme,FALSE,,,,FALSE,FALSE,FALSE
pk_0914,774,Minior Core Forme,FALSE,,,,FALSE,FALSE,FALSE
pk_0915,775,Komala,FALSE,,,,TRUE,FALSE,FALSE
pk_0916,776,Turtonator,FALSE,,,,TRUE,FALSE,FALSE
pk_0917,777,Togedemaru,FALSE,,,,TRUE,FALSE,FALSE
pk_0918,778,Mimikyu,FALSE,,,,TRUE,FALSE,FALSE
pk_0919,779,Bruxish,FALSE,,,,TRUE,FALSE,FALSE
pk_0920,780,Drampa,FALSE,,,,TRUE,FALSE,FALSE
pk_0921,781,Dhelmise,FALSE,,,,TRUE,FALSE,FALSE
pk_0922,782,Jangmo-o,TRUE,,pk_0923,pk_0924,FALSE,FALSE,FALSE
pk_0923,783,Hakamo-o,TRUE,pk_0922,pk_0924,,FALSE,FALSE,FALSE
pk_0924,784,Kommo-o,FALSE,pk_0923,,,TRUE,FALSE,FALSE
pk_0925,785,Tapu Koko,FALSE,,,,TRUE,FALSE,FALSE
pk_0926,786,Tapu Lele,FALSE,,,,TRUE,FALSE,FALSE
pk_0927,787,Tapu Bulu,FALSE,,,,TRUE,FALSE,FALSE
pk_0928,788,Tapu Fini,FALSE,,,,TRUE,FALSE,FALSE
pk_0929,789,Cosmog,TRUE,,pk_0930,pk_0931,FALSE,FALSE,FALSE
pk_0930,790,Cosmoem,TRUE,pk_0929,pk_0931,,FALSE,FALSE,FALSE
pk_0931,791,Solgaleo,FALSE,pk_0930,,,TRUE,FALSE,FALSE
pk_0932,792,Lunala,FALSE,pk_0930,,,TRUE,FALSE,FALSE
pk_0933,793,Nihilego,FALSE,,,,TRUE,FALSE,FALSE
pk_0934,794,Buzzwole,FALSE,,,,TRUE,FALSE,FALSE
pk_0935,795,Pheromosa,FALSE,,,,TRUE,FALSE,FALSE
pk_0936,796,Xurkitree,FALSE,,,,TRUE,FALSE,FALSE
pk_0937,797,Celesteela,FALSE,,,,TRUE,FALSE,FALSE
pk_0938,798,Kartana,FALSE,,,,TRUE,FALSE,FALSE
pk_0939,799,Guzzlord,FALSE,,,,TRUE,FALSE,FALSE
pk_0940,800,Necrozma,FALSE,,,,TRUE,FALSE,FALSE
pk_0941,800,Dusk Mane Necrozma,FALSE,,,,TRUE,FALSE,FALSE
pk_0942,800,Dawn Wings Necrozma,FALSE,,,,TRUE,FALSE,FALSE
pk_0943,800,Ultra Necrozma,FALSE,,,,TRUE,FALSE,FALSE
pk_0944,801,Magearna,FALSE,,,,TRUE,FALSE,FALSE
pk_0945,802,Marshadow,FALSE,,,,TRUE,FALSE,FALSE
pk_0946,803,Poipole,TRUE,,pk_0947,,FALSE,FALSE,FALSE
pk_0947,804,Naganadel,FALSE,pk_0946,,,TRUE,FALSE,FALSE
pk_0948,805,Stakataka,FALSE,,,,TRUE,FALSE,FALSE
pk_0949,806,Blacephalon,FALSE,,,,TRUE,FALSE,FALSE
pk_0950,807,Zeraora,FALSE,,,,TRUE,FALSE,FALSE
pk_0951,808,Meltan,TRUE,,pk_0952,,FALSE,FALSE,FALSE
pk_0952,809,Melmetal,FALSE,pk_0951,,,TRUE,FALSE,FALSE
pk_0953,809,Gigantamax Melmetal,FALSE,pk_0951,,,FALSE,FALSE,TRUE
pk_0954,810,Grookey,TRUE,,pk_0955,pk_0956,FALSE,FALSE,FALSE
pk_0955,811,Thwackey,TRUE,pk_0954,pk_0956,,FALSE,FALSE,FALSE
pk_0956,812,Rillaboom,FALSE,pk_0955,,,TRUE,FALSE,FALSE
pk_0957,812,Gigantamax Rillaboom,FALSE,pk_0955,,,FALSE,FALSE,TRUE
pk_0958,813,Scorbunny,TRUE,,pk_0959,pk_0960,FALSE,FALSE,FALSE
pk_0959,814,Raboot,TRUE,pk_0958,pk_0960,,FALSE,FALSE,FALSE
pk_0960,815,Cinderace,FALSE,pk_0959,,,TRUE,FALSE,FALSE
pk_0961,815,Gigantamax Cinderace,FALSE,pk_0959,,,FALSE,FALSE,TRUE
pk_0962,816,Sobble,TRUE,,pk_0963,pk_0964,FALSE,FALSE,FALSE
pk_0963,817,Drizzile,TRUE,pk_0962,pk_0964,,FALSE,FALSE,FALSE
pk_0964,818,Inteleon,FALSE,pk_0963,,,TRUE,FALSE,FALSE
pk_0965,818,Gigantamax Inteleon,FALSE,pk_0963,,,FALSE,FALSE,TRUE
pk_0966,819,Skwovet,TRUE,,pk_0967,,FALSE,FALSE,FALSE
pk_0967,820,Greedent,FALSE,pk_0966,,,TRUE,FALSE,FALSE
pk_0968,821,Rookidee,TRUE,,pk_0969,pk_0970,FALSE,FALSE,FALSE
pk_0969,822,Corvisquire,TRUE,pk_0968,pk_0970,,FALSE,FALSE,FALSE
pk_0970,823,Corviknight,FALSE,pk_0969,,,TRUE,FALSE,FALSE
pk_0971,823,Gigantamax Corviknight,FALSE,pk_0969,,,FALSE,FALSE,TRUE
pk_0972,824,Blipbug,TRUE,,pk_0973,pk_0974,FALSE,FALSE,FALSE
pk_0973,825,Dottler,TRUE,pk_0972,pk_0974,,FALSE,FALSE,FALSE
pk_0974,826,Orbeetle,FALSE,pk_0973,,,TRUE,FALSE,FALSE
pk_0975,826,Gigantamax Orbeetle,FALSE,pk_0973,,,FALSE,FALSE,TRUE
pk_0976,827,Nickit,TRUE,,pk_0977,,FALSE,FALSE,FALSE
pk_0977,828,Thievul,FALSE,pk_0976,,,TRUE,FALSE,FALSE
pk_0978,829,Gossifleur,TRUE,,pk_0979,,FALSE,FALSE,FALSE
pk_0979,830,Eldegoss,FALSE,pk_0978,,,TRUE,FALSE,FALSE
pk_0980,831,Wooloo,TRUE,,pk_0981,,FALSE,FALSE,FALSE
pk_0981,832,Dubwool,FALSE,pk_0980,,,TRUE,FALSE,FALSE
pk_0982,833,Chewtle,TRUE,,pk_0983,,FALSE,FALSE,FALSE
pk_0983,834,Drednaw,FALSE,pk_0982,,,TRUE,FALSE,FALSE
pk_0984,834,Gigantamax Drednaw,FALSE,pk_0982,,,FALSE,FALSE,TRUE
pk_0985,835,Yamper,TRUE,,pk_0986,,FALSE,FALSE,FALSE
pk_0986,836,Boltund,FALSE,pk_0985,,,TRUE,FALSE,FALSE
pk_0987,837,Rolycoly,TRUE,,pk_0988,pk_0989,FALSE,FALSE,FALSE
pk_0988,838,Carkol,TRUE,pk_0987,pk_0989,,FALSE,FALSE,FALSE
pk_0989,839,Coalossal,FALSE,pk_0988,,,TRUE,FALSE,FALSE
pk_0990,839,Gigantamax Coalossal,FALSE,pk_0988,,,FALSE,FALSE,TRUE
pk_0991,840,Applin,TRUE,,pk_0992,,FALSE,FALSE,FALSE
pk_0992,841,Flapple,FALSE,pk_0991,,,TRUE,FALSE,FALSE
pk_0993,841,Gigantamax Flapple,FALSE,pk_0991,,,FALSE,FALSE,TRUE
pk_0994,842,Appletun,FALSE,pk_0991,,,TRUE,FALSE,FALSE
pk_0995,842,Gigantamax Appletun,FALSE,pk_0991,,,FALSE,FALSE,TRUE
pk_0996,843,Silicobra,TRUE,,pk_0997,,FALSE,FALSE,FALSE
pk_0997,844,Sandaconda,FALSE,pk_0996,,,TRUE,FALSE,FALSE
pk_0998,844,Gigantamax Sandaconda,FALSE,pk_0996,,,FALSE,FALSE,TRUE
pk_0999,845,Cramorant,FALSE,,,,TRUE,FALSE,FALSE
pk_1000,846,Arrokuda,TRUE,,pk_1001,,FALSE,FALSE,FALSE
pk_1001,847,Barraskewda,FALSE,pk_1000,,,TRUE,FALSE,FALSE
pk_1002,848,Toxel,TRUE,,pk_1003,,FALSE,FALSE,FALSE
pk_1003,849,Toxtricity Amped Forme,FALSE,pk_1002,,,FALSE,FALSE,FALSE
pk_1004,849,Toxitricity Low Key Forme,FALSE,pk_1002,,,FALSE,FALSE,FALSE
pk_1005,849,Gigantamax Toxitricity,FALSE,pk_1002,,,FALSE,FALSE,TRUE
pk_1006,850,Sizzlipede,TRUE,,pk_1007,,FALSE,FALSE,FALSE
pk_1007,851,Centiskorch,FALSE,pk_1006,,,TRUE,FALSE,FALSE
pk_1008,851,Gigantamax Centiskorch,FALSE,pk_1006,,,FALSE,FALSE,TRUE
pk_1009,852,Clobbopus,TRUE,,pk_1010,,FALSE,FALSE,FALSE
pk_1010,853,Grapploct,FALSE,pk_1009,,,TRUE,FALSE,FALSE
pk_1011,854,Sinistea,TRUE,,pk_1012,,FALSE,FALSE,FALSE
pk_1012,855,Polteageist,FALSE,pk_1011,,,TRUE,FALSE,FALSE
pk_1013,856,Hatenna,TRUE,,pk_1014,pk_1015,FALSE,FALSE,FALSE
pk_1014,857,Hattrem,TRUE,pk_1013,pk_1015,,FALSE,FALSE,FALSE
pk_1015,858,Hatterene,FALSE,pk_1014,,,TRUE,FALSE,FALSE
pk_1016,858,Gigantamax Hatterene,FALSE,pk_1014,,,FALSE,FALSE,TRUE
pk_1017,859,Impidimp,TRUE,,pk_1018,pk_1019,FALSE,FALSE,FALSE
pk_1018,860,Morgrem,TRUE,pk_1017,pk_1019,,FALSE,FALSE,FALSE
pk_1019,861,Grimmsnarl,FALSE,pk_1018,,,TRUE,FALSE,FALSE
pk_1020,861,Gigantamax Grimmsnarl,FALSE,pk_1018,,,FALSE,FALSE,TRUE
pk_1021,862,Obstagoon,FALSE,pk_0332,,,TRUE,FALSE,FALSE
pk_1022,863,Perrserker,FALSE,pk_0072,,,TRUE,FALSE,FALSE
pk_1023,864,Cursola,FALSE,pk_0283,,,TRUE,FALSE,FALSE
pk_1024,865,Sirfetch'd,FALSE,pk_0117,,,TRUE,FALSE,FALSE
pk_1025,866,Mr. Rime,FALSE,pk_0166,,,TRUE,FALSE,FALSE
pk_1026,867,Runerigus,FALSE,pk_0672,,,TRUE,FALSE,FALSE
pk_1027,868,Milcery,TRUE,,pk_1028,,FALSE,FALSE,FALSE
pk_1028,869,Alcremie,FALSE,pk_1027,,,TRUE,FALSE,FALSE
pk_1029,869,Gigantamax Alcremie,FALSE,pk_1027,,,FALSE,FALSE,TRUE
pk_1030,870,Falinks,FALSE,,,,TRUE,FALSE,FALSE
pk_1031,871,Pincurchin,FALSE,,,,TRUE,FALSE,FALSE
pk_1032,872,Snom,TRUE,,pk_1033,,FALSE,FALSE,FALSE
pk_1033,873,Frosmoth,FALSE,pk_1032,,,TRUE,FALSE,FALSE
pk_1034,874,Stonjourner,FALSE,,,,TRUE,FALSE,FALSE
pk_1035,875,Eiscue Ice Face,FALSE,,,,TRUE,FALSE,FALSE
pk_1036,875,Eiscue Noice Face,FALSE,,,,FALSE,FALSE,FALSE
pk_1037,876,Indeedee M,FALSE,,,,FALSE,FALSE,FALSE
pk_1038,876,Indeedee F,FALSE,,,,FALSE,FALSE,FALSE
pk_1039,877,Morpeko Full Belly Mode,FALSE,,,,TRUE,FALSE,FALSE
pk_1040,877,Morpeko Hangry Mode,FALSE,,,,TRUE,FALSE,FALSE
pk_1041,878,Cufant,TRUE,,pk_1042,,FALSE,FALSE,FALSE
pk_1042,879,Copperajah,FALSE,pk_1041,,,TRUE,FALSE,FALSE
pk_1043,879,Gigantamax Copperajah,FALSE,pk_1041,,,FALSE,FALSE,TRUE
pk_1044,880,Dracozolt,FALSE,,,,TRUE,FALSE,FALSE
pk_1045,881,Arctozolt,FALSE,,,,TRUE,FALSE,FALSE
pk_1046,882,Dracovish,FALSE,,,,TRUE,FALSE,FALSE
pk_1047,883,Arctovish,FALSE,,,,TRUE,FALSE,FALSE
pk_1048,884,Duraludon,FALSE,,,,TRUE,FALSE,FALSE
pk_1049,884,Gigantamax Duraludon,FALSE,,,,FALSE,FALSE,TRUE
pk_1050,885,Dreepy,TRUE,,pk_1051,pk_1052,FALSE,FALSE,FALSE
pk_1051,886,Drakloak,TRUE,pk_1050,pk_1052,,FALSE,FALSE,FALSE
pk_1052,887,Dragapult,FALSE,pk_1051,,,TRUE,FALSE,FALSE
pk_1053,888,Zacian Hero of Many Battles,FALSE,,,,TRUE,FALSE,FALSE
pk_1054,888,Zacian Crowned Sword Forme,FALSE,,,,TRUE,FALSE,FALSE
pk_1055,889,Zamazenta Hero of Many Battles,FALSE,,,,TRUE,FALSE,FALSE
pk_1056,889,Zamazenta Crowned Sheild Forme,FALSE,,,,TRUE,FALSE,FALSE
pk_1057,890,Eternatus,FALSE,,,,TRUE,FALSE,FALSE
pk_1058,890,Eternamax Eternatus,FALSE,,,,TRUE,FALSE,FALSE
pk_1059,891,Kubfu,TRUE,,pk_1060,,FALSE,FALSE,FALSE
pk_1060,892,Urshifu Single Strike Style,FALSE,pk_1059,,,TRUE,FALSE,FALSE
pk_1061,892,Gigantamax Urshifu Single Strike Style,FALSE,pk_1059,,,FALSE,FALSE,TRUE
pk_1062,892,Urshifu Rapid Strike Style,FALSE,pk_1059,,,TRUE,FALSE,FALSE
pk_1063,892,Gigantamax Urshifu Rapid Strike Style,FALSE,pk_1059,,,FALSE,FALSE,TRUE
pk_1064,893,Zarude,FALSE,,,,TRUE,FALSE,FALSE
pk_1065,893,Dada Zarude,FALSE,,,,TRUE,FALSE,FALSE
pk_1066,894,Regieleki,FALSE,,,,TRUE,FALSE,FALSE
pk_1067,895,Regidrago,FALSE,,,,TRUE,FALSE,FALSE
pk_1068,896,Glastrier,FALSE,,,,TRUE,FALSE,FALSE
pk_1069,897,Spectrier,FALSE,,,,TRUE,FALSE,FALSE
pk_1070,898,Calyrex,FALSE,,,,TRUE,FALSE,FALSE
pk_1071,898,Ice Rider Calyrex,FALSE,,,,TRUE,FALSE,FALSE
pk_1072,898,Shadow Rider Calyrex,FALSE,,,,TRUE,FALSE,FALSE
